Type 1,Type 2,Count,Immune,2x Resistant,Resistant,Effective,Super Effective,2x Super Effective,name,image
Normal,Fairy,5,Ghost	Dragon										,											,Bug	Dark										,Normal	Fire	Water	Grass	Electric	Ice	Fighting	Ground	Flying	Psychic	Rock	Fairy,Poison	Steel										,											,Jigglypuff	Wigglytuff	Igglybuff	Azurill	Audino (Mega),jigglypuff.png	wigglytuff.png	igglybuff.png	azurill.png	audino-mega.png
Normal,Steel,0,Poison	Ghost								,									,Normal	Grass	Ice	Flying	Psychic	Bug	Rock	Dragon	Steel	Fairy,Water	Electric	Dark							,Fire	Ground								,Fighting									,,
Normal,Dark,5,Psychic	Ghost										,											,Dark											,Normal	Fire	Water	Grass	Electric	Ice	Poison	Ground	Flying	Rock	Dragon	Steel,Bug	Fairy										,Fighting											,Rattata (Alola)	Raticate (Alola)	Zigzagoon (Galar)	Linoone (Galar)	Obstagoon,rattata-alola.png	raticate-alola.png	zigzagoon-galar.png	linoone-galar.png	obstagoon.png
Normal,Dragon,1,Ghost								,								,Fire	Water	Grass	Electric					,Normal	Poison	Ground	Flying	Psychic	Bug	Rock	Dark	Steel,Ice	Fighting	Dragon	Fairy					,								,Drampa,drampa.png
Normal,Ghost,0,Normal	Fighting	Ghost									,											,Poison	Bug										,Fire	Water	Grass	Electric	Ice	Ground	Flying	Psychic	Rock	Dragon	Steel	Fairy,Dark											,											,,
Normal,Rock,0,Ghost							,							,Normal	Fire	Poison	Flying				,Electric	Ice	Psychic	Bug	Rock	Dragon	Dark	Fairy,Water	Grass	Ground	Steel				,Fighting							,,
Normal,Bug,0,Ghost											,											,Grass	Ground										,Normal	Water	Electric	Ice	Fighting	Poison	Psychic	Bug	Dragon	Dark	Steel	Fairy,Fire	Flying	Rock									,											,,
Normal,Psychic,5,Ghost													,													,Psychic													,Normal	Fire	Water	Grass	Electric	Ice	Fighting	Poison	Ground	Flying	Rock	Dragon	Steel	Fairy,Bug	Dark												,													,Girafarig	Meloetta (Aria)	Oranguru	Indeedee (Male)	Indeedee (Female),girafarig.png	meloetta-aria.png	oranguru.png	indeedee-male.png	indeedee-female.png
Normal,Flying,27,Ground	Ghost									,										,Grass	Bug									,Normal	Fire	Water	Fighting	Poison	Flying	Psychic	Dragon	Dark	Steel	Fairy,Electric	Ice	Rock								,										,Pidgey	Pidgeotto	Pidgeot	Pidgeot (Mega)	Spearow	Fearow	Farfetchd	Doduo	Dodrio	Hoothoot	Noctowl	Taillow	Swellow	Swablu	Starly	Staravia	Staraptor	Chatot	Pidove	Tranquill	Unfezant	Rufflet	Braviary	Fletchling	Pikipek	Trumbeak	Toucannon,pidgey.png	pidgeotto.png	pidgeot.png	pidgeot-mega.png	spearow.png	fearow.png	farfetchd.png	doduo.png	dodrio.png	hoothoot.png	noctowl.png	taillow.png	swellow.png	swablu.png	starly.png	staravia.png	staraptor.png	chatot.png	pidove.png	tranquill.png	unfezant.png	rufflet.png	braviary.png	fletchling.png	pikipek.png	trumbeak.png	toucannon.png
Normal,Ground,1,Electric	Ghost								,									,Poison	Rock								,Normal	Fire	Ground	Flying	Psychic	Bug	Dragon	Dark	Steel	Fairy,Water	Grass	Ice	Fighting						,									,Diggersby,diggersby.png
Normal,Poison,0,Ghost										,										,Grass	Poison	Bug	Fairy							,Normal	Fire	Water	Electric	Ice	Fighting	Flying	Rock	Dragon	Dark	Steel,Ground	Psychic									,										,,
Normal,Fighting,4,Ghost									,									,Bug	Rock	Dark							,Normal	Fire	Water	Grass	Electric	Ice	Poison	Ground	Dragon	Steel,Fighting	Flying	Psychic	Fairy						,									,Lopunny (Mega)	Meloetta (Pirouette)	Stufful	Bewear,lopunny-mega.png	meloetta-pirouette.png	stufful.png	bewear.png
Normal,Ice,0,Ghost											,											,Ice											,Normal	Water	Grass	Electric	Poison	Ground	Flying	Psychic	Bug	Dragon	Dark	Fairy,Fire	Rock	Steel									,Fighting											,,
Normal,Electric,2,Ghost											,											,Electric	Flying	Steel									,Normal	Fire	Water	Grass	Ice	Poison	Psychic	Bug	Rock	Dragon	Dark	Fairy,Fighting	Ground										,											,Helioptile	Heliolisk,helioptile.png	heliolisk.png
Normal,Grass,2,Ghost						,						,Water	Grass	Electric	Ground			,Normal	Psychic	Rock	Dragon	Dark	Steel	Fairy,Fire	Ice	Fighting	Poison	Flying	Bug	,						,Deerling	Sawsbuck,deerling.png	sawsbuck.png
Normal,Water,1,Ghost									,									,Fire	Water	Ice	Steel						,Normal	Poison	Ground	Flying	Psychic	Bug	Rock	Dragon	Dark	Fairy,Grass	Electric	Fighting							,									,Bibarel,bibarel.png
Normal,Fire,2,Ghost						,						,Fire	Grass	Ice	Bug	Steel	Fairy	,Normal	Electric	Poison	Flying	Psychic	Dragon	Dark,Water	Fighting	Ground	Rock			,						,Litleo	Pyroar,litleo.png	pyroar.png
Fire,Fairy,0,Dragon					,Bug					,Fire	Grass	Ice	Fighting	Dark	Fairy,Normal	Electric	Flying	Psychic	Ghost	Steel,Water	Poison	Ground	Rock		,					,,
Fire,Steel,1,Poison				,Grass	Ice	Bug	Steel	Fairy,Normal	Flying	Psychic	Dragon	,Fire	Electric	Rock	Ghost	Dark,Water	Fighting			,Ground				,Heatran,heatran.png
Fire,Dark,4,Psychic						,						,Fire	Grass	Ice	Ghost	Dark	Steel	,Normal	Electric	Poison	Flying	Bug	Dragon	Fairy,Water	Fighting	Ground	Rock			,						,Houndour	Houndoom	Houndoom (Mega)	Incineroar,houndour.png	houndoom.png	houndoom-mega.png	incineroar.png
Fire,Dragon,3,									,Fire	Grass								,Electric	Bug	Steel							,Normal	Water	Ice	Fighting	Poison	Flying	Psychic	Ghost	Dark	Fairy,Ground	Rock	Dragon							,									,Charizard (Mega X)	Reshiram	Turtonator,charizard-mega-x.png	reshiram.png	turtonator.png
Fire,Ghost,5,Normal	Fighting				,Bug					,Fire	Grass	Ice	Poison	Steel	Fairy,Electric	Flying	Psychic	Dragon		,Water	Ground	Rock	Ghost	Dark	,					,Marowak (Alola)	Litwick	Lampent	Chandelure	Blacephalon,marowak-alola.png	litwick.png	lampent.png	chandelure.png	blacephalon.png
Fire,Rock,4,						,Fire						,Normal	Ice	Poison	Flying	Bug	Fairy	,Grass	Electric	Psychic	Ghost	Dragon	Dark	Steel,Fighting	Rock					,Water	Ground					,Magcargo	Carkol	Coalossal	Coalossal (Gmax),magcargo.png	carkol.png	coalossal.png	coalossal-gmax.png
Fire,Bug,5,								,Grass								,Ice	Fighting	Bug	Steel	Fairy				,Normal	Fire	Electric	Poison	Ground	Psychic	Ghost	Dragon	Dark,Water	Flying							,Rock								,Larvesta	Volcarona	Sizzlipede	Centiskorch	Centiskorch (Gmax),larvesta.png	volcarona.png	sizzlipede.png	centiskorch.png	centiskorch-gmax.png
Fire,Psychic,3,						,						,Fire	Grass	Ice	Fighting	Psychic	Steel	Fairy,Normal	Electric	Poison	Flying	Bug	Dragon	,Water	Ground	Rock	Ghost	Dark		,						,Victini	Darmanitan (Zen)	Delphox,victini.png	darmanitan-zen.png	delphox.png
Fire,Flying,8,Ground							,Grass	Bug						,Fire	Fighting	Steel	Fairy				,Normal	Ice	Poison	Flying	Psychic	Ghost	Dragon	Dark,Water	Electric						,Rock							,Charizard	Charizard (Mega Y)	Charizard (Gmax)	Moltres	Ho-Oh	Fletchinder	Talonflame	Oricorio (Baile),charizard.png	charizard-mega-y.png	charizard-gmax.png	moltres.png	ho-oh.png	fletchinder.png	talonflame.png	oricorio-baile.png
Fire,Ground,4,Electric									,									,Fire	Poison	Bug	Steel	Fairy					,Normal	Grass	Ice	Fighting	Flying	Psychic	Rock	Ghost	Dragon	Dark,Ground									,Water									,Numel	Camerupt	Camerupt (Mega)	Groudon (Primal),numel.png	camerupt.png	camerupt-mega.png	groudon-primal.png
Fire,Poison,2,					,Grass	Bug	Fairy			,Fire	Ice	Fighting	Poison	Steel	,Normal	Electric	Flying	Ghost	Dragon	Dark,Water	Psychic	Rock			,Ground					,Salandit	Salazzle,salandit.png	salazzle.png
Fire,Fighting,7,							,Bug							,Fire	Grass	Ice	Dark	Steel			,Normal	Electric	Fighting	Poison	Rock	Ghost	Dragon	Fairy,Water	Ground	Flying	Psychic				,							,Combusken	Blaziken	Blaziken (Mega)	Monferno	Infernape	Pignite	Emboar,combusken.png	blaziken.png	blaziken-mega.png	monferno.png	infernape.png	pignite.png	emboar.png
Fire,Ice,1,									,Ice									,Grass	Bug	Fairy							,Normal	Fire	Electric	Poison	Flying	Psychic	Ghost	Dragon	Dark	Steel,Water	Fighting	Ground							,Rock									,Darmanitan (Zen Galar),darmanitan-zen-galar.png
Fire,Electric,1,						,Steel						,Fire	Grass	Electric	Ice	Flying	Bug	Fairy,Normal	Fighting	Poison	Psychic	Ghost	Dragon	Dark,Water	Rock					,Ground						,Rotom (Heat),rotom-heat.png
Fire,Grass,0,										,Grass										,Electric	Steel	Fairy								,Normal	Fire	Water	Ice	Fighting	Ground	Psychic	Bug	Ghost	Dragon	Dark,Poison	Flying	Rock								,										,,
Fire,Water,1,									,Fire	Ice	Steel							,Bug	Fairy								,Normal	Water	Grass	Fighting	Poison	Flying	Psychic	Ghost	Dragon	Dark,Electric	Ground	Rock							,									,Volcanion,volcanion.png
Water,Fairy,4,Dragon							,							,Fire	Water	Ice	Fighting	Bug	Dark		,Normal	Ground	Flying	Psychic	Rock	Ghost	Steel	Fairy,Grass	Electric	Poison					,							,Marill	Azumarill	Primarina	Tapu Fini,marill.png	azumarill.png	primarina.png	tapu-fini.png
Water,Steel,1,Poison							,Ice	Steel						,Normal	Water	Flying	Psychic	Bug	Rock	Dragon	Fairy,Fire	Grass	Ghost	Dark				,Electric	Fighting	Ground					,							,Empoleon,empoleon.png
Water,Dark,8,Psychic					,					,Fire	Water	Ice	Ghost	Dark	Steel,Normal	Poison	Ground	Flying	Rock	Dragon,Grass	Electric	Fighting	Bug	Fairy	,					,Gyarados (Mega)	Carvanha	Sharpedo	Sharpedo (Mega)	Crawdaunt	Greninja	Greninja (Battle Bond)	Greninja (Ash),gyarados-mega.png	carvanha.png	sharpedo.png	sharpedo-mega.png	crawdaunt.png	greninja.png	greninja-battle-bond.png	greninja-ash.png
Water,Dragon,3,												,Fire	Water											,Steel												,Normal	Grass	Electric	Ice	Fighting	Poison	Ground	Flying	Psychic	Bug	Rock	Ghost	Dark,Dragon	Fairy											,												,Kingdra	Palkia	Dracovish,kingdra.png	palkia.png	dracovish.png
Water,Ghost,2,Normal	Fighting				,					,Fire	Water	Ice	Poison	Bug	Steel,Ground	Flying	Psychic	Rock	Dragon	Fairy,Grass	Electric	Ghost	Dark		,					,Frillish	Jellicent,frillish.png	jellicent.png
Water,Rock,12,								,Fire								,Normal	Ice	Poison	Flying					,Water	Psychic	Bug	Rock	Ghost	Dragon	Dark	Steel	Fairy,Electric	Fighting	Ground						,Grass								,Omanyte	Omastar	Kabuto	Kabutops	Corsola	Relicanth	Tirtouga	Carracosta	Binacle	Barbaracle	Drednaw	Drednaw (Gmax),omanyte.png	omastar.png	kabuto.png	kabutops.png	corsola.png	relicanth.png	tirtouga.png	carracosta.png	binacle.png	barbaracle.png	drednaw.png	drednaw-gmax.png
Water,Bug,5,									,									,Water	Ice	Fighting	Ground	Steel					,Normal	Fire	Grass	Poison	Psychic	Bug	Ghost	Dragon	Dark	Fairy,Electric	Flying	Rock							,									,Surskit	Dewpider	Araquanid	Wimpod	Golisopod,surskit.png	dewpider.png	araquanid.png	wimpod.png	golisopod.png
Water,Psychic,6,						,						,Fire	Water	Ice	Fighting	Psychic	Steel	,Normal	Poison	Ground	Flying	Rock	Dragon	Fairy,Grass	Electric	Bug	Ghost	Dark		,						,Slowpoke	Slowbro	Slowbro (Mega)	Starmie	Slowking	Bruxish,slowpoke.png	slowbro.png	slowbro-mega.png	starmie.png	slowking.png	bruxish.png
Water,Flying,8,Ground									,									,Fire	Water	Fighting	Bug	Steel					,Normal	Grass	Ice	Poison	Flying	Psychic	Ghost	Dragon	Dark	Fairy,Rock									,Electric									,Gyarados	Mantine	Wingull	Pelipper	Mantyke	Ducklett	Swanna	Cramorant,gyarados.png	mantine.png	wingull.png	pelipper.png	mantyke.png	ducklett.png	swanna.png	cramorant.png
Water,Ground,10,Electric											,											,Fire	Poison	Rock	Steel								,Normal	Water	Ice	Fighting	Ground	Flying	Psychic	Bug	Ghost	Dragon	Dark	Fairy,											,Grass											,Wooper	Quagsire	Marshtomp	Swampert	Swampert (Mega)	Barboach	Whiscash	Gastrodon	Palpitoad	Seismitoad,wooper.png	quagsire.png	marshtomp.png	swampert.png	swampert-mega.png	barboach.png	whiscash.png	gastrodon.png	palpitoad.png	seismitoad.png
Water,Poison,6,							,							,Fire	Water	Ice	Fighting	Poison	Bug	Steel	Fairy,Normal	Grass	Flying	Rock	Ghost	Dragon	Dark	,Electric	Ground	Psychic					,							,Tentacool	Tentacruel	Qwilfish	Skrelp	Mareanie	Toxapex,tentacool.png	tentacruel.png	qwilfish.png	skrelp.png	mareanie.png	toxapex.png
Water,Fighting,5,						,						,Fire	Water	Ice	Bug	Rock	Dark	Steel,Normal	Fighting	Poison	Ground	Ghost	Dragon	,Grass	Electric	Flying	Psychic	Fairy		,						,Poliwrath	Keldeo (Ordinary)	Keldeo (Resolute)	Urshifu (Rapid Strike)	Urshifu (Rapid Strike Gmax),poliwrath.png	keldeo-ordinary.png	keldeo-resolute.png	urshifu-rapid-strike.png	urshifu-rapid-strike-gmax.png
Water,Ice,8,											,Ice											,Water											,Normal	Fire	Poison	Ground	Flying	Psychic	Bug	Ghost	Dragon	Dark	Steel	Fairy,Grass	Electric	Fighting	Rock								,											,Dewgong	Cloyster	Lapras	Lapras (Gmax)	Spheal	Sealeo	Walrein	Arctovish,dewgong.png	cloyster.png	lapras.png	lapras-gmax.png	spheal.png	sealeo.png	walrein.png	arctovish.png
Water,Electric,3,										,Steel										,Fire	Water	Ice	Flying							,Normal	Electric	Fighting	Poison	Psychic	Bug	Rock	Ghost	Dragon	Dark	Fairy,Grass	Ground									,										,Chinchou	Lanturn	Rotom (Wash),chinchou.png	lanturn.png	rotom-wash.png
Water,Grass,3,											,Water											,Ground	Steel										,Normal	Fire	Grass	Electric	Ice	Fighting	Psychic	Rock	Ghost	Dragon	Dark	Fairy,Poison	Flying	Bug									,											,Lotad	Lombre	Ludicolo,lotad.png	lombre.png	ludicolo.png
Grass,Fairy,5,Dragon					,					,Water	Grass	Electric	Fighting	Ground	Dark,Normal	Psychic	Bug	Rock	Ghost	Fairy,Fire	Ice	Flying	Steel		,Poison					,Cottonee	Whimsicott	Morelull	Shiinotic	Tapu Bulu,cottonee.png	whimsicott.png	morelull.png	shiinotic.png	tapu-bulu.png
Grass,Steel,3,Poison							,Grass							,Normal	Water	Electric	Psychic	Rock	Dragon	Steel	Fairy,Ice	Ground	Flying	Bug	Ghost	Dark		,Fighting							,Fire							,Ferroseed	Ferrothorn	Kartana,ferroseed.png	ferrothorn.png	kartana.png
Grass,Dark,4,Psychic					,					,Water	Grass	Electric	Ground	Ghost	Dark,Normal	Rock	Dragon	Steel		,Fire	Ice	Fighting	Poison	Flying	Fairy,Bug					,Nuzleaf	Shiftry	Cacturne	Zarude,nuzleaf.png	shiftry.png	cacturne.png	zarude.png
Grass,Dragon,7,							,Water	Grass	Electric					,Ground							,Normal	Fire	Fighting	Psychic	Rock	Ghost	Dark	Steel,Poison	Flying	Bug	Dragon	Fairy			,Ice							,Exeggutor (Alola)	Sceptile (Mega)	Applin	Flapple	Flapple (Gmax)	Appletun	Appletun (Gmax),exeggutor-alola.png	sceptile-mega.png	applin.png	flapple.png	flapple-gmax.png	appletun.png	appletun-gmax.png
Grass,Ghost,12,Normal	Fighting					,						,Water	Grass	Electric	Ground			,Poison	Psychic	Bug	Rock	Dragon	Steel	Fairy,Fire	Ice	Flying	Ghost	Dark		,						,Phantump	Trevenant	Pumpkaboo (Average)	Pumpkaboo (Small)	Pumpkaboo (Large)	Pumpkaboo (Super)	Gourgeist (Average)	Gourgeist (Small)	Gourgeist (Large)	Gourgeist (Super)	Decidueye	Dhelmise,phantump.png	trevenant.png	pumpkaboo-average.png	pumpkaboo-small.png	pumpkaboo-large.png	pumpkaboo-super.png	gourgeist-average.png	gourgeist-small.png	gourgeist-large.png	gourgeist-super.png	decidueye.png	dhelmise.png
Grass,Rock,2,											,											,Normal	Electric										,Fire	Water	Grass	Poison	Ground	Flying	Psychic	Rock	Ghost	Dragon	Dark	Fairy,Ice	Fighting	Bug	Steel								,											,Lileep	Cradily,lileep.png	cradily.png
Grass,Bug,6,						,Grass	Ground					,Water	Electric	Fighting				,Normal	Psychic	Ghost	Dragon	Dark	Steel	Fairy,Ice	Poison	Bug	Rock			,Fire	Flying					,Paras	Parasect	Wormadam (Plant)	Sewaddle	Swadloon	Leavanny,paras.png	parasect.png	wormadam-plant.png	sewaddle.png	swadloon.png	leavanny.png
Grass,Psychic,4,					,					,Water	Grass	Electric	Fighting	Ground	Psychic,Normal	Rock	Dragon	Steel	Fairy	,Fire	Ice	Poison	Flying	Ghost	Dark,Bug					,Exeggcute	Exeggutor	Celebi	Calyrex,exeggcute.png	exeggutor.png	celebi.png	calyrex.png
Grass,Flying,7,Ground								,Grass								,Water	Fighting							,Normal	Electric	Psychic	Bug	Ghost	Dragon	Dark	Steel	Fairy,Fire	Poison	Flying	Rock					,Ice								,Hoppip	Skiploom	Jumpluff	Tropius	Shaymin (Sky)	Rowlet	Dartrix,hoppip.png	skiploom.png	jumpluff.png	tropius.png	shaymin-sky.png	rowlet.png	dartrix.png
Grass,Ground,1,Electric										,										,Ground	Rock									,Normal	Water	Grass	Fighting	Poison	Psychic	Ghost	Dragon	Dark	Steel	Fairy,Fire	Flying	Bug								,Ice										,Torterra,torterra.png
Grass,Poison,16,								,Grass								,Water	Electric	Fighting	Fairy					,Normal	Poison	Ground	Bug	Rock	Ghost	Dragon	Dark	Steel,Fire	Ice	Flying	Psychic					,								,Bulbasaur	Ivysaur	Venusaur	Venusaur (Mega)	Venusaur (Gmax)	Oddish	Gloom	Vileplume	Bellsprout	Weepinbell	Victreebel	Roselia	Budew	Roserade	Foongus	Amoonguss,bulbasaur.png	ivysaur.png	venusaur.png	venusaur-mega.png	venusaur-gmax.png	oddish.png	gloom.png	vileplume.png	bellsprout.png	weepinbell.png	victreebel.png	roselia.png	budew.png	roserade.png	foongus.png	amoonguss.png
Grass,Fighting,3,					,					,Water	Grass	Electric	Ground	Rock	Dark,Normal	Fighting	Bug	Ghost	Dragon	Steel,Fire	Ice	Poison	Psychic	Fairy	,Flying					,Breloom	Virizion	Chesnaught,breloom.png	virizion.png	chesnaught.png
Grass,Ice,3,						,						,Water	Grass	Electric	Ground			,Normal	Ice	Psychic	Ghost	Dragon	Dark	Fairy,Fighting	Poison	Flying	Bug	Rock	Steel	,Fire						,Snover	Abomasnow	Abomasnow (Mega),snover.png	abomasnow.png	abomasnow-mega.png
Grass,Electric,1,									,Electric									,Water	Grass	Steel							,Normal	Fighting	Ground	Flying	Psychic	Rock	Ghost	Dragon	Dark	Fairy,Fire	Ice	Poison	Bug						,									,Rotom (Mow),rotom-mow.png
Electric,Fairy,2,Dragon									,									,Electric	Fighting	Flying	Bug	Dark					,Normal	Fire	Water	Grass	Ice	Psychic	Rock	Ghost	Steel	Fairy,Poison	Ground								,									,Dedenne	Tapu Koko,dedenne.png	tapu-koko.png
Electric,Steel,4,Poison								,Flying	Steel							,Normal	Grass	Electric	Ice	Psychic	Bug	Rock	Dragon	Fairy,Water	Ghost	Dark						,Fire	Fighting							,Ground								,Magnemite	Magneton	Magnezone	Togedemaru,magnemite.png	magneton.png	magnezone.png	togedemaru.png
Electric,Dark,1,Psychic							,							,Electric	Flying	Ghost	Dark	Steel			,Normal	Fire	Water	Grass	Ice	Poison	Rock	Dragon,Fighting	Ground	Bug	Fairy				,							,Morpeko,morpeko.png
Electric,Dragon,3,							,Electric							,Fire	Water	Grass	Flying	Steel			,Normal	Fighting	Poison	Psychic	Bug	Rock	Ghost	Dark,Ice	Ground	Dragon	Fairy				,							,Ampharos (Mega)	Zekrom	Dracozolt,ampharos-mega.png	zekrom.png	dracozolt.png
Electric,Ghost,1,Normal	Fighting						,							,Electric	Poison	Flying	Bug	Steel			,Fire	Water	Grass	Ice	Psychic	Rock	Dragon	Fairy,Ground	Ghost	Dark					,							,Rotom,rotom.png
Electric,Rock,3,								,Flying								,Normal	Fire	Electric	Poison					,Ice	Psychic	Bug	Rock	Ghost	Dragon	Dark	Steel	Fairy,Water	Grass	Fighting						,Ground								,Geodude (Alola)	Graveler (Alola)	Golem (Alola),geodude-alola.png	graveler-alola.png	golem-alola.png
Electric,Bug,4,											,											,Grass	Electric	Fighting	Steel								,Normal	Water	Ice	Poison	Ground	Flying	Psychic	Bug	Ghost	Dragon	Dark	Fairy,Fire	Rock										,											,Joltik	Galvantula	Charjabug	Vikavolt,joltik.png	galvantula.png	charjabug.png	vikavolt.png
Electric,Psychic,1,								,								,Electric	Fighting	Flying	Psychic	Steel				,Normal	Fire	Water	Grass	Ice	Poison	Rock	Dragon	Fairy,Ground	Bug	Ghost	Dark					,								,Raichu (Alola),raichu-alola.png
Electric,Flying,6,Ground									,									,Grass	Fighting	Flying	Bug	Steel					,Normal	Fire	Water	Electric	Poison	Psychic	Ghost	Dragon	Dark	Fairy,Ice	Rock								,									,Zapdos	Rotom (Fan)	Emolga	Thundurus (Incarnate)	Thundurus (Therian)	Oricorio (Pom Pom),zapdos.png	rotom-fan.png	emolga.png	thundurus-incarnate.png	thundurus-therian.png	oricorio-pom-pom.png
Electric,Ground,1,Electric								,								,Poison	Flying	Rock	Steel					,Normal	Fire	Fighting	Psychic	Bug	Ghost	Dragon	Dark	Fairy,Water	Grass	Ice	Ground					,								,Stunfisk,stunfisk.png
Electric,Poison,5,							,							,Grass	Electric	Fighting	Poison	Flying	Bug	Steel	Fairy,Normal	Fire	Water	Ice	Rock	Ghost	Dragon	Dark,Psychic							,Ground							,Toxel	Toxtricity (Amped)	Toxtricity (Low Key)	Toxtricity (Amped Gmax)	Toxtricity (Low Key Gmax),toxel.png	toxtricity-amped.png	toxtricity-low-key.png	toxtricity-amped-gmax.png	toxtricity-low-key-gmax.png
Electric,Fighting,0,									,									,Electric	Bug	Rock	Dark	Steel					,Normal	Fire	Water	Grass	Ice	Fighting	Poison	Flying	Ghost	Dragon,Ground	Psychic	Fairy							,									,,
Electric,Ice,2,										,										,Electric	Ice	Flying								,Normal	Water	Grass	Poison	Psychic	Bug	Ghost	Dragon	Dark	Steel	Fairy,Fire	Fighting	Ground	Rock							,										,Rotom (Frost)	Arctozolt,rotom-frost.png	arctozolt.png
Ice,Fairy,1,Dragon									,									,Ice	Bug	Dark							,Normal	Water	Grass	Electric	Fighting	Ground	Flying	Psychic	Ghost	Fairy,Fire	Poison	Rock							,Steel									,Ninetales (Alola),ninetales-alola.png
Ice,Steel,2,Poison						,Ice						,Normal	Grass	Flying	Psychic	Bug	Dragon	Fairy,Water	Electric	Rock	Ghost	Dark	Steel	,Ground						,Fire	Fighting					,Sandshrew (Alola)	Sandslash (Alola),sandshrew-alola.png	sandslash-alola.png
Ice,Dark,2,Psychic							,							,Ice	Ghost	Dark					,Normal	Water	Grass	Electric	Poison	Ground	Flying	Dragon,Fire	Bug	Rock	Steel	Fairy			,Fighting							,Sneasel	Weavile,sneasel.png	weavile.png
Ice,Dragon,3,									,									,Water	Grass	Electric							,Normal	Fire	Ice	Poison	Ground	Flying	Psychic	Bug	Ghost	Dark,Fighting	Rock	Dragon	Steel	Fairy					,									,Kyurem	Kyurem (Black)	Kyurem (White),kyurem.png	kyurem-black.png	kyurem-white.png
Ice,Ghost,1,Normal	Fighting						,							,Ice	Poison	Bug					,Water	Grass	Electric	Ground	Flying	Psychic	Dragon	Fairy,Fire	Rock	Ghost	Dark	Steel			,							,Froslass,froslass.png
Ice,Rock,2,							,							,Normal	Ice	Poison	Flying				,Fire	Electric	Psychic	Bug	Ghost	Dragon	Dark	Fairy,Water	Grass	Ground	Rock				,Fighting	Steel						,Amaura	Aurorus,amaura.png	aurorus.png
Ice,Bug,2,										,										,Grass	Ice	Ground								,Normal	Water	Electric	Fighting	Poison	Psychic	Bug	Ghost	Dragon	Dark	Fairy,Flying	Steel									,Fire	Rock									,Snom	Frosmoth,snom.png	frosmoth.png
Ice,Psychic,5,									,									,Ice	Psychic								,Normal	Water	Grass	Electric	Fighting	Poison	Ground	Flying	Dragon	Fairy,Fire	Bug	Rock	Ghost	Dark	Steel				,									,Mr (Mime Galar)	Jynx	Smoochum	Mr Rime	Calyrex (Ice Rider),mr-mime-galar.png	jynx.png	smoochum.png	mr-rime.png	calyrex-ice-rider.png
Ice,Flying,2,Ground										,										,Grass	Bug									,Normal	Water	Ice	Fighting	Poison	Flying	Psychic	Ghost	Dragon	Dark	Fairy,Fire	Electric	Steel								,Rock										,Articuno	Delibird,articuno.png	delibird.png
Ice,Ground,3,Electric										,										,Poison										,Normal	Ice	Ground	Flying	Psychic	Bug	Rock	Ghost	Dragon	Dark	Fairy,Fire	Water	Grass	Fighting	Steel						,										,Swinub	Piloswine	Mamoswine,swinub.png	piloswine.png	mamoswine.png
Ice,Poison,0,							,							,Grass	Ice	Poison	Bug	Fairy			,Normal	Water	Electric	Fighting	Flying	Ghost	Dragon	Dark,Fire	Ground	Psychic	Rock	Steel			,							,,
Ice,Fighting,1,								,								,Ice	Bug	Dark						,Normal	Water	Grass	Electric	Poison	Ground	Rock	Ghost	Dragon,Fire	Fighting	Flying	Psychic	Steel	Fairy			,								,Crabominable,crabominable.png
Fighting,Fairy,0,Dragon							,Bug	Dark						,Fighting	Rock						,Normal	Fire	Water	Grass	Electric	Ice	Ground	Ghost,Poison	Flying	Psychic	Steel	Fairy			,							,,
Fighting,Steel,4,Poison					,Bug	Rock				,Normal	Grass	Ice	Dragon	Dark	Steel,Water	Electric	Flying	Psychic	Ghost	Fairy,Fire	Fighting	Ground			,					,Lucario	Lucario (Mega)	Cobalion	Zamazenta (Crowned),lucario.png	lucario-mega.png	cobalion.png	zamazenta-crowned.png
Fighting,Dark,5,Psychic										,Dark										,Rock	Ghost									,Normal	Fire	Water	Grass	Electric	Ice	Poison	Ground	Bug	Dragon	Steel,Fighting	Flying									,Fairy										,Scraggy	Scrafty	Pangoro	Urshifu (Single Strike)	Urshifu (Single Strike Gmax),scraggy.png	scrafty.png	pangoro.png	urshifu-single-strike.png	urshifu-single-strike-gmax.png
Fighting,Dragon,2,						,						,Fire	Water	Grass	Electric	Bug	Rock	Dark,Normal	Fighting	Poison	Ground	Ghost	Steel	,Ice	Flying	Psychic	Dragon			,Fairy						,Hakamo-O	Kommo-O,hakamo-o.png	kommo-o.png
Fighting,Ghost,1,Normal	Fighting							,Bug								,Poison	Rock							,Fire	Water	Grass	Electric	Ice	Ground	Dragon	Dark	Steel,Flying	Psychic	Ghost	Fairy					,								,Marshadow,marshadow.png
Fighting,Rock,1,						,						,Normal	Fire	Poison	Bug	Rock	Dark	,Electric	Ice	Flying	Ghost	Dragon		,Water	Grass	Fighting	Ground	Psychic	Steel	Fairy,						,Terrakion,terrakion.png
Fighting,Bug,4,								,								,Grass	Fighting	Ground	Bug	Dark				,Normal	Water	Electric	Ice	Poison	Rock	Ghost	Dragon	Steel,Fire	Psychic	Fairy						,Flying								,Heracross	Heracross (Mega)	Buzzwole	Pheromosa,heracross.png	heracross-mega.png	buzzwole.png	pheromosa.png
Fighting,Psychic,6,												,												,Fighting	Rock											,Normal	Fire	Water	Grass	Electric	Ice	Poison	Ground	Psychic	Bug	Dragon	Dark	Steel,Flying	Ghost	Fairy										,												,Mewtwo (Mega X)	Meditite	Medicham	Medicham (Mega)	Gallade	Gallade (Mega),mewtwo-mega-x.png	meditite.png	medicham.png	medicham-mega.png	gallade.png	gallade-mega.png
Fighting,Flying,2,Ground							,Bug							,Grass	Fighting	Dark					,Normal	Fire	Water	Poison	Rock	Ghost	Dragon	Steel,Electric	Ice	Flying	Psychic	Fairy			,							,Zapdos (Galar)	Hawlucha,zapdos-galar.png	hawlucha.png
Fighting,Ground,0,Electric						,Rock						,Poison	Bug	Dark				,Normal	Fire	Fighting	Ground	Ghost	Dragon	Steel,Water	Grass	Ice	Flying	Psychic	Fairy	,						,,
Fighting,Poison,2,								,Bug								,Grass	Fighting	Poison	Rock	Dark				,Normal	Fire	Water	Electric	Ice	Ghost	Dragon	Steel	Fairy,Ground	Flying							,Psychic								,Croagunk	Toxicroak,croagunk.png	toxicroak.png
Poison,Fairy,1,Dragon								,Fighting	Bug							,Grass	Dark	Fairy						,Normal	Fire	Water	Electric	Ice	Poison	Flying	Rock	Ghost,Ground	Psychic	Steel						,								,Weezing (Galar),weezing-galar.png
Poison,Steel,0,Poison					,Grass	Bug	Fairy			,Normal	Ice	Flying	Rock	Dragon	Steel,Water	Electric	Fighting	Psychic	Ghost	Dark,Fire					,Ground					,,
Poison,Dark,5,Psychic											,											,Grass	Poison	Ghost	Dark								,Normal	Fire	Water	Electric	Ice	Fighting	Flying	Bug	Rock	Dragon	Steel	Fairy,Ground											,											,Grimer (Alola)	Muk (Alola)	Stunky	Skuntank	Drapion,grimer-alola.png	muk-alola.png	stunky.png	skuntank.png	drapion.png
Poison,Dragon,4,						,Grass						,Fire	Water	Electric	Fighting	Poison	Bug	,Normal	Flying	Rock	Ghost	Dark	Steel	Fairy,Ice	Ground	Psychic	Dragon			,						,Dragalge	Naganadel	Eternatus	Eternatus (Eternamax),dragalge.png	naganadel.png	eternatus.png	eternatus-eternamax.png
Poison,Ghost,5,Normal	Fighting						,Poison	Bug						,Grass	Fairy						,Fire	Water	Electric	Ice	Flying	Rock	Dragon	Steel,Ground	Psychic	Ghost	Dark				,							,Gastly	Haunter	Gengar	Gengar (Mega)	Gengar (Gmax),gastly.png	haunter.png	gengar.png	gengar-mega.png	gengar-gmax.png
Poison,Rock,1,							,Poison							,Normal	Fire	Flying	Bug	Fairy			,Grass	Electric	Ice	Fighting	Rock	Ghost	Dragon	Dark,Water	Psychic	Steel					,Ground							,Nihilego,nihilego.png
Poison,Bug,13,								,Grass	Fighting							,Poison	Bug	Fairy						,Normal	Water	Electric	Ice	Ground	Ghost	Dragon	Dark	Steel,Fire	Flying	Psychic	Rock					,								,Weedle	Kakuna	Beedrill	Beedrill (Mega)	Venonat	Venomoth	Spinarak	Ariados	Dustox	Skorupi	Venipede	Whirlipede	Scolipede,weedle.png	kakuna.png	beedrill.png	beedrill-mega.png	venonat.png	venomoth.png	spinarak.png	ariados.png	dustox.png	skorupi.png	venipede.png	whirlipede.png	scolipede.png
Poison,Psychic,2,										,Fighting										,Grass	Poison	Fairy								,Normal	Fire	Water	Electric	Ice	Flying	Psychic	Bug	Rock	Dragon	Steel,Ground	Ghost	Dark								,										,Slowbro (Galar)	Slowking (Galar),slowbro-galar.png	slowking-galar.png
Poison,Flying,3,Ground							,Grass	Fighting	Bug					,Poison	Fairy						,Normal	Fire	Water	Flying	Ghost	Dragon	Dark	Steel,Electric	Ice	Psychic	Rock				,							,Zubat	Golbat	Crobat,zubat.png	golbat.png	crobat.png
Poison,Ground,2,Electric							,Poison							,Fighting	Bug	Rock	Fairy				,Normal	Fire	Grass	Flying	Ghost	Dragon	Dark	Steel,Water	Ice	Ground	Psychic				,							,Nidoqueen	Nidoking,nidoqueen.png	nidoking.png
Ground,Fairy,0,Electric	Dragon						,							,Fighting	Bug	Rock	Dark				,Normal	Fire	Poison	Ground	Flying	Psychic	Ghost	Fairy,Water	Grass	Ice	Steel				,							,,
Ground,Steel,6,Electric	Poison					,Rock						,Normal	Flying	Psychic	Bug	Dragon	Steel	Fairy,Grass	Ice	Ghost	Dark			,Fire	Water	Fighting	Ground			,						,Diglett (Alola)	Dugtrio (Alola)	Steelix	Steelix (Mega)	Excadrill	Stunfisk (Galar),diglett-alola.png	dugtrio-alola.png	steelix.png	steelix-mega.png	excadrill.png	stunfisk-galar.png
Ground,Dark,3,Electric	Psychic				,					,Poison	Rock	Ghost	Dark		,Normal	Fire	Ground	Flying	Dragon	Steel,Water	Grass	Ice	Fighting	Bug	Fairy,					,Sandile	Krokorok	Krookodile,sandile.png	krokorok.png	krookodile.png
Ground,Dragon,10,Electric										,										,Fire	Poison	Rock								,Normal	Water	Grass	Fighting	Ground	Flying	Psychic	Bug	Ghost	Dark	Steel,Dragon	Fairy									,Ice										,Vibrava	Flygon	Gible	Gabite	Garchomp	Garchomp (Mega)	Zygarde	Zygarde (10)	Zygarde (50)	Zygarde (Complete),vibrava.png	flygon.png	gible.png	gabite.png	garchomp.png	garchomp-mega.png	zygarde.png	zygarde-10.png	zygarde-50.png	zygarde-complete.png
Ground,Ghost,6,Normal	Electric	Fighting				,Poison						,Bug	Rock					,Fire	Ground	Flying	Psychic	Dragon	Steel	Fairy,Water	Grass	Ice	Ghost	Dark		,						,Yamask (Galar)	Golett	Golurk	Sandygast	Palossand	Runerigus,yamask-galar.png	golett.png	golurk.png	sandygast.png	palossand.png	runerigus.png
Ground,Rock,9,Electric					,Poison					,Normal	Fire	Flying	Rock		,Psychic	Bug	Ghost	Dragon	Dark	Fairy,Ice	Fighting	Ground	Steel		,Water	Grass				,Geodude	Graveler	Golem	Onix	Rhyhorn	Rhydon	Larvitar	Pupitar	Rhyperior,geodude.png	graveler.png	golem.png	onix.png	rhyhorn.png	rhydon.png	larvitar.png	pupitar.png	rhyperior.png
Ground,Bug,2,Electric									,									,Fighting	Poison	Ground							,Normal	Grass	Psychic	Bug	Rock	Ghost	Dragon	Dark	Steel	Fairy,Fire	Water	Ice	Flying						,									,Nincada	Wormadam (Sandy),nincada.png	wormadam-sandy.png
Ground,Psychic,2,Electric						,						,Fighting	Poison	Psychic	Rock			,Normal	Fire	Ground	Flying	Dragon	Steel	Fairy,Water	Grass	Ice	Bug	Ghost	Dark	,						,Baltoy	Claydol,baltoy.png	claydol.png
Ground,Flying,4,Electric	Ground									,										,Fighting	Poison	Bug								,Normal	Fire	Grass	Flying	Psychic	Rock	Ghost	Dragon	Dark	Steel	Fairy,Water										,Ice										,Gligar	Gliscor	Landorus (Incarnate)	Landorus (Therian),gligar.png	gliscor.png	landorus-incarnate.png	landorus-therian.png
Flying,Fairy,2,Ground	Dragon					,Fighting	Bug					,Grass	Dark					,Normal	Fire	Water	Flying	Psychic	Ghost	Fairy,Electric	Ice	Poison	Rock	Steel		,						,Togetic	Togekiss,togetic.png	togekiss.png
Flying,Steel,4,Poison	Ground				,Grass	Bug				,Normal	Flying	Psychic	Dragon	Steel	Fairy,Water	Ice	Fighting	Rock	Ghost	Dark,Fire	Electric				,					,Skarmory	Celesteela	Corviknight	Corviknight (Gmax),skarmory.png	celesteela.png	corviknight.png	corviknight-gmax.png
Flying,Dark,6,Ground	Psychic							,								,Grass	Ghost	Dark						,Normal	Fire	Water	Fighting	Poison	Flying	Bug	Dragon	Steel,Electric	Ice	Rock	Fairy					,								,Moltres (Galar)	Murkrow	Honchkrow	Vullaby	Mandibuzz	Yveltal,moltres-galar.png	murkrow.png	honchkrow.png	vullaby.png	mandibuzz.png	yveltal.png
Flying,Dragon,8,Ground							,Grass							,Fire	Water	Fighting	Bug				,Normal	Electric	Poison	Flying	Psychic	Ghost	Dark	Steel,Rock	Dragon	Fairy					,Ice							,Dragonite	Altaria	Salamence	Salamence (Mega)	Rayquaza	Rayquaza (Mega)	Noibat	Noivern,dragonite.png	altaria.png	salamence.png	salamence-mega.png	rayquaza.png	rayquaza-mega.png	noibat.png	noivern.png
Flying,Ghost,3,Normal	Fighting	Ground				,Bug						,Grass	Poison					,Fire	Water	Flying	Psychic	Dragon	Steel	Fairy,Electric	Ice	Rock	Ghost	Dark		,						,Drifloon	Drifblim	Oricorio (Sensu),drifloon.png	drifblim.png	oricorio-sensu.png
Flying,Rock,18,Ground						,						,Normal	Fire	Poison	Flying	Bug		,Grass	Fighting	Psychic	Ghost	Dragon	Dark	Fairy,Water	Electric	Ice	Rock	Steel		,						,Aerodactyl	Aerodactyl (Mega)	Archen	Archeops	Minior (Red Meteor)	Minior (Orange Meteor)	Minior (Yellow Meteor)	Minior (Green Meteor)	Minior (Blue Meteor)	Minior (Indigo Meteor)	Minior (Violet Meteor)	Minior (Red)	Minior (Orange)	Minior (Yellow)	Minior (Green)	Minior (Blue)	Minior (Indigo)	Minior (Violet),aerodactyl.png	aerodactyl-mega.png	archen.png	archeops.png	minior-red-meteor.png	minior-orange-meteor.png	minior-yellow-meteor.png	minior-green-meteor.png	minior-blue-meteor.png	minior-indigo-meteor.png	minior-violet-meteor.png	minior-red.png	minior-orange.png	minior-yellow.png	minior-green.png	minior-blue.png	minior-indigo.png	minior-violet.png
Flying,Bug,15,Ground								,Grass	Fighting							,Bug								,Normal	Water	Poison	Psychic	Ghost	Dragon	Dark	Steel	Fairy,Fire	Electric	Ice	Flying					,Rock								,Butterfree	Butterfree (Gmax)	Scyther	Pinsir (Mega)	Ledyba	Ledian	Yanma	Beautifly	Masquerain	Ninjask	Mothim	Combee	Vespiquen	Yanmega	Vivillon,butterfree.png	butterfree-gmax.png	scyther.png	pinsir-mega.png	ledyba.png	ledian.png	yanma.png	beautifly.png	masquerain.png	ninjask.png	mothim.png	combee.png	vespiquen.png	yanmega.png	vivillon.png
Flying,Psychic,8,Ground								,Fighting								,Grass	Psychic							,Normal	Fire	Water	Poison	Flying	Bug	Dragon	Steel	Fairy,Electric	Ice	Rock	Ghost	Dark				,								,Articuno (Galar)	Natu	Xatu	Lugia	Woobat	Swoobat	Sigilyph	Oricorio (Pau),articuno-galar.png	natu.png	xatu.png	lugia.png	woobat.png	swoobat.png	sigilyph.png	oricorio-pau.png
Psychic,Fairy,10,Dragon											,Fighting											,Psychic											,Normal	Fire	Water	Grass	Electric	Ice	Ground	Flying	Bug	Rock	Dark	Fairy,Poison	Ghost	Steel									,											,Rapidash (Galar)	Mr Mime	Ralts	Kirlia	Gardevoir	Gardevoir (Mega)	Mime Jr	Tapu Lele	Hatterene	Hatterene (Gmax),rapidash-galar.png	mr-mime.png	ralts.png	kirlia.png	gardevoir.png	gardevoir-mega.png	mime-jr.png	tapu-lele.png	hatterene.png	hatterene-gmax.png
Psychic,Steel,9,Poison							,Psychic							,Normal	Grass	Ice	Flying	Rock	Dragon	Steel	Fairy,Water	Electric	Fighting	Bug				,Fire	Ground	Ghost	Dark				,							,Beldum	Metang	Metagross	Metagross (Mega)	Jirachi	Bronzor	Bronzong	Solgaleo	Necrozma (Dusk),beldum.png	metang.png	metagross.png	metagross-mega.png	jirachi.png	bronzor.png	bronzong.png	solgaleo.png	necrozma-dusk.png
Psychic,Dark,3,Psychic														,														,														,Normal	Fire	Water	Grass	Electric	Ice	Fighting	Poison	Ground	Flying	Rock	Ghost	Dragon	Dark	Steel,Fairy														,Bug														,Inkay	Malamar	Hoopa (Unbound),inkay.png	malamar.png	hoopa-unbound.png
Psychic,Dragon,5,					,					,Fire	Water	Grass	Electric	Fighting	Psychic,Normal	Poison	Ground	Flying	Rock	Steel,Ice	Bug	Ghost	Dragon	Dark	Fairy,					,Latias	Latias (Mega)	Latios	Latios (Mega)	Necrozma (Ultra),latias.png	latias-mega.png	latios.png	latios-mega.png	necrozma-ultra.png
Psychic,Ghost,4,Normal	Fighting										,											,Poison	Psychic										,Fire	Water	Grass	Electric	Ice	Ground	Flying	Bug	Rock	Dragon	Steel	Fairy,											,Ghost	Dark										,Hoopa	Lunala	Necrozma (Dawn)	Calyrex (Shadow Rider),hoopa.png	lunala.png	necrozma-dawn.png	calyrex-shadow-rider.png
Psychic,Rock,2,						,						,Normal	Fire	Poison	Flying	Psychic		,Electric	Ice	Fighting	Rock	Dragon	Fairy	,Water	Grass	Ground	Bug	Ghost	Dark	Steel,						,Lunatone	Solrock,lunatone.png	solrock.png
Psychic,Bug,3,							,Fighting							,Grass	Ground	Psychic					,Normal	Water	Electric	Ice	Poison	Dragon	Steel	Fairy,Fire	Flying	Bug	Rock	Ghost	Dark		,							,Dottler	Orbeetle	Orbeetle (Gmax),dottler.png	orbeetle.png	orbeetle-gmax.png
Bug,Fairy,2,Dragon						,Fighting						,Grass	Ground	Bug	Dark			,Normal	Water	Electric	Ice	Psychic	Ghost	Fairy,Fire	Poison	Flying	Rock	Steel		,						,Cutiefly	Ribombee,cutiefly.png	ribombee.png
Bug,Steel,7,Poison							,Grass							,Normal	Ice	Psychic	Bug	Dragon	Steel	Fairy	,Water	Electric	Fighting	Ground	Flying	Rock	Ghost	Dark,							,Fire							,Forretress	Scizor	Scizor (Mega)	Wormadam (Trash)	Escavalier	Durant	Genesect,forretress.png	scizor.png	scizor-mega.png	wormadam-trash.png	escavalier.png	durant.png	genesect.png
Bug,Dark,0,Psychic							,							,Grass	Ground	Ghost	Dark				,Normal	Water	Electric	Ice	Fighting	Poison	Dragon	Steel,Fire	Flying	Bug	Rock	Fairy			,							,,
Bug,Dragon,0,							,Grass							,Water	Electric	Fighting	Ground				,Normal	Fire	Poison	Psychic	Bug	Ghost	Dark	Steel,Ice	Flying	Rock	Dragon	Fairy			,							,,
Bug,Ghost,1,Normal	Fighting					,						,Grass	Poison	Ground	Bug			,Water	Electric	Ice	Psychic	Dragon	Steel	Fairy,Fire	Flying	Rock	Ghost	Dark		,						,Shedinja,shedinja.png
Bug,Rock,5,												,												,Normal	Poison											,Fire	Grass	Electric	Ice	Fighting	Ground	Flying	Psychic	Bug	Ghost	Dragon	Dark	Fairy,Water	Rock	Steel										,												,Shuckle	Anorith	Armaldo	Dwebble	Crustle,shuckle.png	anorith.png	armaldo.png	dwebble.png	crustle.png
Rock,Fairy,3,Dragon							,							,Normal	Fire	Flying	Bug	Dark			,Electric	Ice	Fighting	Poison	Psychic	Rock	Ghost	Fairy,Water	Grass	Ground					,Steel							,Carbink	Diancie	Diancie (Mega),carbink.png	diancie.png	diancie-mega.png
Rock,Steel,7,Poison					,Normal	Flying				,Ice	Psychic	Bug	Rock	Dragon	Fairy,Fire	Grass	Electric	Ghost	Dark	Steel,Water					,Fighting	Ground				,Aron	Lairon	Aggron	Shieldon	Bastiodon	Probopass	Stakataka,aron.png	lairon.png	aggron.png	shieldon.png	bastiodon.png	probopass.png	stakataka.png
Rock,Dark,2,Psychic					,					,Normal	Fire	Poison	Flying	Ghost	Dark,Electric	Ice	Rock	Dragon		,Water	Grass	Ground	Bug	Steel	Fairy,Fighting					,Tyranitar	Tyranitar (Mega),tyranitar.png	tyranitar-mega.png
Rock,Dragon,2,						,Fire						,Normal	Electric	Poison	Flying			,Water	Grass	Psychic	Bug	Rock	Ghost	Dark,Ice	Fighting	Ground	Dragon	Steel	Fairy	,						,Tyrunt	Tyrantrum,tyrunt.png	tyrantrum.png
Rock,Ghost,0,Normal	Fighting				,Poison					,Fire	Flying	Bug			,Electric	Ice	Psychic	Rock	Dragon	Fairy,Water	Grass	Ground	Ghost	Dark	Steel,					,,
Ghost,Fairy,2,Normal	Fighting	Dragon									,Bug											,											,Fire	Water	Grass	Electric	Ice	Poison	Ground	Flying	Psychic	Rock	Dark	Fairy,Ghost	Steel										,											,Mimikyu (Disguised)	Mimikyu (Busted),mimikyu-disguised.png	mimikyu-busted.png
Ghost,Steel,4,Normal	Fighting	Poison					,Bug							,Grass	Ice	Flying	Psychic	Rock	Dragon	Steel	Fairy,Water	Electric						,Fire	Ground	Ghost	Dark				,							,Honedge	Doublade	Aegislash (Shield)	Aegislash (Blade),honedge.png	doublade.png	aegislash-shield.png	aegislash-blade.png
Ghost,Dark,3,Normal	Fighting	Psychic										,												,Poison												,Fire	Water	Grass	Electric	Ice	Ground	Flying	Bug	Rock	Ghost	Dragon	Dark	Steel,Fairy												,												,Sableye	Sableye (Mega)	Spiritomb,sableye.png	sableye-mega.png	spiritomb.png
Ghost,Dragon,5,Normal	Fighting				,					,Fire	Water	Grass	Electric	Poison	Bug,Ground	Flying	Psychic	Rock	Steel	,Ice	Ghost	Dragon	Dark	Fairy	,					,Giratina (Altered)	Giratina (Origin)	Dreepy	Drakloak	Dragapult,giratina-altered.png	giratina-origin.png	dreepy.png	drakloak.png	dragapult.png
Dragon,Fairy,1,Dragon						,						,Fire	Water	Grass	Electric	Fighting	Bug	Dark,Normal	Ground	Flying	Psychic	Rock	Ghost	,Ice	Poison	Steel	Fairy			,						,Altaria (Mega),altaria-mega.png
Dragon,Steel,3,Poison							,Grass							,Normal	Water	Electric	Flying	Psychic	Bug	Rock	Steel,Fire	Ice	Ghost	Dragon	Dark	Fairy		,Fighting	Ground						,							,Dialga	Duraludon	Duraludon (Gmax),dialga.png	duraludon.png	duraludon-gmax.png
Dragon,Dark,4,Psychic					,					,Fire	Water	Grass	Electric	Ghost	Dark,Normal	Poison	Ground	Flying	Rock	Steel,Ice	Fighting	Bug	Dragon		,Fairy					,Deino	Zweilous	Hydreigon	Guzzlord,deino.png	zweilous.png	hydreigon.png	guzzlord.png
Dark,Fairy,4,Psychic	Dragon									,Dark										,Ghost										,Normal	Fire	Water	Grass	Electric	Ice	Fighting	Ground	Flying	Bug	Rock,Poison	Steel	Fairy								,										,Impidimp	Morgrem	Grimmsnarl	Grimmsnarl (Gmax),impidimp.png	morgrem.png	grimmsnarl.png	grimmsnarl-gmax.png
Dark,Steel,2,Poison	Psychic							,								,Normal	Grass	Ice	Flying	Rock	Ghost	Dragon	Dark	Steel,Water	Electric	Bug	Fairy					,Fire	Ground							,Fighting								,Pawniard	Bisharp,pawniard.png	bisharp.png
Steel,Fairy,6,Poison	Dragon						,Bug							,Normal	Grass	Ice	Flying	Psychic	Rock	Dark	Fairy,Water	Electric	Fighting	Ghost	Steel			,Fire	Ground						,							,Mawile	Mawile (Mega)	Klefki	Magearna	Magearna (Original)	Zacian (Crowned),mawile.png	mawile-mega.png	klefki.png	magearna.png	magearna-original.png	zacian-crowned.png
Normal,Normal,73,Ghost															,															,															,Normal	Fire	Water	Grass	Electric	Ice	Poison	Ground	Flying	Psychic	Bug	Rock	Dragon	Dark	Steel	Fairy,Fighting															,															,Rattata	Raticate	Meowth	Meowth (Gmax)	Persian	Lickitung	Chansey	Kangaskhan	Kangaskhan (Mega)	Tauros	Ditto	Eevee	Eevee (Gmax)	Porygon	Snorlax	Snorlax (Gmax)	Sentret	Furret	Aipom	Dunsparce	Teddiursa	Ursaring	Porygon2	Stantler	Smeargle	Miltank	Blissey	Zigzagoon	Linoone	Slakoth	Vigoroth	Slaking	Whismur	Loudred	Exploud	Skitty	Delcatty	Spinda	Zangoose	Castform	Kecleon	Bidoof	Ambipom	Buneary	Lopunny	Glameow	Purugly	Happiny	Munchlax	Lickilicky	Porygon-Z	Regigigas	Arceus	Patrat	Watchog	Lillipup	Herdier	Stoutland	Audino	Minccino	Cinccino	Bouffalant	Bunnelby	Furfrou	Yungoos	Gumshoos	Type Null	Silvally	Komala	Skwovet	Greedent	Wooloo	Dubwool,rattata.png	raticate.png	meowth.png	meowth-gmax.png	persian.png	lickitung.png	chansey.png	kangaskhan.png	kangaskhan-mega.png	tauros.png	ditto.png	eevee.png	eevee-gmax.png	porygon.png	snorlax.png	snorlax-gmax.png	sentret.png	furret.png	aipom.png	dunsparce.png	teddiursa.png	ursaring.png	porygon2.png	stantler.png	smeargle.png	miltank.png	blissey.png	zigzagoon.png	linoone.png	slakoth.png	vigoroth.png	slaking.png	whismur.png	loudred.png	exploud.png	skitty.png	delcatty.png	spinda.png	zangoose.png	castform.png	kecleon.png	bidoof.png	ambipom.png	buneary.png	lopunny.png	glameow.png	purugly.png	happiny.png	munchlax.png	lickilicky.png	porygon-z.png	regigigas.png	arceus.png	patrat.png	watchog.png	lillipup.png	herdier.png	stoutland.png	audino.png	minccino.png	cinccino.png	bouffalant.png	bunnelby.png	furfrou.png	yungoos.png	gumshoos.png	type-null.png	silvally.png	komala.png	skwovet.png	greedent.png	wooloo.png	dubwool.png
Fire,Fire,35,								,								,Fire	Grass	Ice	Bug	Steel	Fairy			,Normal	Electric	Fighting	Poison	Flying	Psychic	Ghost	Dragon	Dark,Water	Ground	Rock						,								,Charmander	Charmeleon	Vulpix	Ninetales	Growlithe	Arcanine	Ponyta	Rapidash	Magmar	Flareon	Cyndaquil	Quilava	Typhlosion	Slugma	Magby	Entei	Torchic	Torkoal	Castform (Sunny)	Chimchar	Magmortar	Tepig	Pansear	Simisear	Darumaka	Darmanitan (Standard)	Heatmor	Fennekin	Braixen	Litten	Torracat	Scorbunny	Raboot	Cinderace	Cinderace (Gmax),charmander.png	charmeleon.png	vulpix.png	ninetales.png	growlithe.png	arcanine.png	ponyta.png	rapidash.png	magmar.png	flareon.png	cyndaquil.png	quilava.png	typhlosion.png	slugma.png	magby.png	entei.png	torchic.png	torkoal.png	castform-sunny.png	chimchar.png	magmortar.png	tepig.png	pansear.png	simisear.png	darumaka.png	darmanitan-standard.png	heatmor.png	fennekin.png	braixen.png	litten.png	torracat.png	scorbunny.png	raboot.png	cinderace.png	cinderace-gmax.png
Water,Water,75,											,											,Fire	Water	Ice	Steel								,Normal	Fighting	Poison	Ground	Flying	Psychic	Bug	Rock	Ghost	Dragon	Dark	Fairy,Grass	Electric										,											,Squirtle	Wartortle	Blastoise	Blastoise (Mega)	Blastoise (Gmax)	Psyduck	Golduck	Poliwag	Poliwhirl	Seel	Shellder	Krabby	Kingler	Kingler (Gmax)	Horsea	Seadra	Goldeen	Seaking	Staryu	Magikarp	Vaporeon	Totodile	Croconaw	Feraligatr	Politoed	Remoraid	Octillery	Suicune	Mudkip	Wailmer	Wailord	Corphish	Feebas	Milotic	Castform (Rainy)	Clamperl	Huntail	Gorebyss	Luvdisc	Kyogre	Kyogre (Primal)	Piplup	Prinplup	Buizel	Floatzel	Shellos	Finneon	Lumineon	Phione	Manaphy	Oshawott	Dewott	Samurott	Panpour	Simipour	Tympole	Basculin (Red Striped)	Basculin (Blue Striped)	Alomomola	Froakie	Frogadier	Clauncher	Clawitzer	Popplio	Brionne	Wishiwashi (Solo)	Wishiwashi (School)	Pyukumuku	Sobble	Drizzile	Inteleon	Inteleon (Gmax)	Chewtle	Arrokuda	Barraskewda,squirtle.png	wartortle.png	blastoise.png	blastoise-mega.png	blastoise-gmax.png	psyduck.png	golduck.png	poliwag.png	poliwhirl.png	seel.png	shellder.png	krabby.png	kingler.png	kingler-gmax.png	horsea.png	seadra.png	goldeen.png	seaking.png	staryu.png	magikarp.png	vaporeon.png	totodile.png	croconaw.png	feraligatr.png	politoed.png	remoraid.png	octillery.png	suicune.png	mudkip.png	wailmer.png	wailord.png	corphish.png	feebas.png	milotic.png	castform-rainy.png	clamperl.png	huntail.png	gorebyss.png	luvdisc.png	kyogre.png	kyogre-primal.png	piplup.png	prinplup.png	buizel.png	floatzel.png	shellos.png	finneon.png	lumineon.png	phione.png	manaphy.png	oshawott.png	dewott.png	samurott.png	panpour.png	simipour.png	tympole.png	basculin-red-striped.png	basculin-blue-striped.png	alomomola.png	froakie.png	frogadier.png	clauncher.png	clawitzer.png	popplio.png	brionne.png	wishiwashi-solo.png	wishiwashi-school.png	pyukumuku.png	sobble.png	drizzile.png	inteleon.png	inteleon-gmax.png	chewtle.png	arrokuda.png	barraskewda.png
Grass,Grass,44,								,								,Water	Grass	Electric	Ground					,Normal	Fighting	Psychic	Rock	Ghost	Dragon	Dark	Steel	Fairy,Fire	Ice	Poison	Flying	Bug				,								,Tangela	Chikorita	Bayleef	Meganium	Bellossom	Sunkern	Sunflora	Treecko	Grovyle	Sceptile	Seedot	Shroomish	Cacnea	Turtwig	Grotle	Cherubi	Cherrim	Carnivine	Tangrowth	Leafeon	Shaymin (Land)	Snivy	Servine	Serperior	Pansage	Simisage	Petilil	Lilligant	Maractus	Chespin	Quilladin	Skiddo	Gogoat	Fomantis	Lurantis	Bounsweet	Steenee	Tsareena	Grookey	Thwackey	Rillaboom	Rillaboom (Gmax)	Gossifleur	Eldegoss,tangela.png	chikorita.png	bayleef.png	meganium.png	bellossom.png	sunkern.png	sunflora.png	treecko.png	grovyle.png	sceptile.png	seedot.png	shroomish.png	cacnea.png	turtwig.png	grotle.png	cherubi.png	cherrim.png	carnivine.png	tangrowth.png	leafeon.png	shaymin-land.png	snivy.png	servine.png	serperior.png	pansage.png	simisage.png	petilil.png	lilligant.png	maractus.png	chespin.png	quilladin.png	skiddo.png	gogoat.png	fomantis.png	lurantis.png	bounsweet.png	steenee.png	tsareena.png	grookey.png	thwackey.png	rillaboom.png	rillaboom-gmax.png	gossifleur.png	eldegoss.png
Electric,Electric,47,													,													,Electric	Flying	Steel											,Normal	Fire	Water	Grass	Ice	Fighting	Poison	Psychic	Bug	Rock	Ghost	Dragon	Dark	Fairy,Ground													,													,Pikachu	Pikachu (Rock Star)	Pikachu (Belle)	Pikachu (Pop Star)	Pikachu (Phd)	Pikachu (Libre)	Pikachu (Cosplay)	Pikachu (Original Cap)	Pikachu (Hoenn Cap)	Pikachu (Sinnoh Cap)	Pikachu (Unova Cap)	Pikachu (Kalos Cap)	Pikachu (Alola Cap)	Pikachu (Partner Cap)	Pikachu (Gmax)	Raichu	Voltorb	Electrode	Electabuzz	Jolteon	Pichu	Mareep	Flaaffy	Ampharos	Elekid	Raikou	Electrike	Manectric	Manectric (Mega)	Plusle	Minun	Shinx	Luxio	Luxray	Pachirisu	Electivire	Blitzle	Zebstrika	Tynamo	Eelektrik	Eelektross	Xurkitree	Zeraora	Yamper	Boltund	Pincurchin	Regieleki,pikachu.png	pikachu-rock-star.png	pikachu-belle.png	pikachu-pop-star.png	pikachu-phd.png	pikachu-libre.png	pikachu-cosplay.png	pikachu-original-cap.png	pikachu-hoenn-cap.png	pikachu-sinnoh-cap.png	pikachu-unova-cap.png	pikachu-kalos-cap.png	pikachu-alola-cap.png	pikachu-partner-cap.png	pikachu-gmax.png	raichu.png	voltorb.png	electrode.png	electabuzz.png	jolteon.png	pichu.png	mareep.png	flaaffy.png	ampharos.png	elekid.png	raikou.png	electrike.png	manectric.png	manectric-mega.png	plusle.png	minun.png	shinx.png	luxio.png	luxray.png	pachirisu.png	electivire.png	blitzle.png	zebstrika.png	tynamo.png	eelektrik.png	eelektross.png	xurkitree.png	zeraora.png	yamper.png	boltund.png	pincurchin.png	regieleki.png
Ice,Ice,20,												,												,Ice												,Normal	Water	Grass	Electric	Poison	Ground	Flying	Psychic	Bug	Ghost	Dragon	Dark	Fairy,Fire	Fighting	Rock	Steel									,												,Vulpix (Alola)	Castform (Snowy)	Snorunt	Glalie	Glalie (Mega)	Regice	Glaceon	Darumaka (Galar)	Darmanitan (Standard Galar)	Vanillite	Vanillish	Vanilluxe	Cubchoo	Beartic	Cryogonal	Bergmite	Avalugg	Eiscue (Ice)	Eiscue (Noice)	Glastrier,vulpix-alola.png	castform-snowy.png	snorunt.png	glalie.png	glalie-mega.png	regice.png	glaceon.png	darumaka-galar.png	darmanitan-standard-galar.png	vanillite.png	vanillish.png	vanilluxe.png	cubchoo.png	beartic.png	cryogonal.png	bergmite.png	avalugg.png	eiscue-ice.png	eiscue-noice.png	glastrier.png
Fighting,Fighting,30,											,											,Bug	Rock	Dark									,Normal	Fire	Water	Grass	Electric	Ice	Fighting	Poison	Ground	Ghost	Dragon	Steel,Flying	Psychic	Fairy									,											,Mankey	Primeape	Machop	Machoke	Machamp	Machamp (Gmax)	Farfetchd (Galar)	Hitmonlee	Hitmonchan	Tyrogue	Hitmontop	Makuhita	Hariyama	Riolu	Timburr	Gurdurr	Conkeldurr	Throh	Sawk	Mienfoo	Mienshao	Pancham	Crabrawler	Passimian	Clobbopus	Grapploct	Sirfetchd	Falinks	Zamazenta (Hero)	Kubfu,mankey.png	primeape.png	machop.png	machoke.png	machamp.png	machamp-gmax.png	farfetchd-galar.png	hitmonlee.png	hitmonchan.png	tyrogue.png	hitmontop.png	makuhita.png	hariyama.png	riolu.png	timburr.png	gurdurr.png	conkeldurr.png	throh.png	sawk.png	mienfoo.png	mienshao.png	pancham.png	crabrawler.png	passimian.png	clobbopus.png	grapploct.png	sirfetchd.png	falinks.png	zamazenta-hero.png	kubfu.png
Poison,Poison,17,										,										,Grass	Fighting	Poison	Bug	Fairy						,Normal	Fire	Water	Electric	Ice	Flying	Rock	Ghost	Dragon	Dark	Steel,Ground	Psychic									,										,Ekans	Arbok	Nidoran (F)	Nidorina	Nidoran (M)	Nidorino	Grimer	Muk	Koffing	Weezing	Gulpin	Swalot	Seviper	Trubbish	Garbodor	Garbodor (Gmax)	Poipole,ekans.png	arbok.png	nidoran-f.png	nidorina.png	nidoran-m.png	nidorino.png	grimer.png	muk.png	koffing.png	weezing.png	gulpin.png	swalot.png	seviper.png	trubbish.png	garbodor.png	garbodor-gmax.png	poipole.png
Ground,Ground,18,Electric											,											,Poison	Rock										,Normal	Fire	Fighting	Ground	Flying	Psychic	Bug	Ghost	Dragon	Dark	Steel	Fairy,Water	Grass	Ice									,											,Sandshrew	Sandslash	Diglett	Dugtrio	Cubone	Marowak	Phanpy	Donphan	Trapinch	Groudon	Hippopotas	Hippowdon	Drilbur	Mudbray	Mudsdale	Silicobra	Sandaconda	Sandaconda (Gmax),sandshrew.png	sandslash.png	diglett.png	dugtrio.png	cubone.png	marowak.png	phanpy.png	donphan.png	trapinch.png	groudon.png	hippopotas.png	hippowdon.png	drilbur.png	mudbray.png	mudsdale.png	silicobra.png	sandaconda.png	sandaconda-gmax.png
Flying,Flying,4,Ground										,										,Grass	Fighting	Bug								,Normal	Fire	Water	Poison	Flying	Psychic	Ghost	Dragon	Dark	Steel	Fairy,Electric	Ice	Rock								,										,Tornadus (Incarnate)	Tornadus (Therian)	Rookidee	Corvisquire,tornadus-incarnate.png	tornadus-therian.png	rookidee.png	corvisquire.png
Psychic,Psychic,45,												,												,Fighting	Psychic											,Normal	Fire	Water	Grass	Electric	Ice	Poison	Ground	Flying	Rock	Dragon	Steel	Fairy,Bug	Ghost	Dark										,												,Abra	Kadabra	Alakazam	Alakazam (Mega)	Ponyta (Galar)	Slowpoke (Galar)	Drowzee	Hypno	Mewtwo	Mewtwo (Mega Y)	Mew	Espeon	Unown	Wobbuffet	Spoink	Grumpig	Chimecho	Wynaut	Deoxys (Normal)	Deoxys (Attack)	Deoxys (Defense)	Deoxys (Speed)	Chingling	Uxie	Mesprit	Azelf	Cresselia	Munna	Musharna	Gothita	Gothorita	Gothitelle	Solosis	Duosion	Reuniclus	Elgyem	Beheeyem	Espurr	Meowstic (Male)	Meowstic (Female)	Cosmog	Cosmoem	Necrozma	Hatenna	Hattrem,abra.png	kadabra.png	alakazam.png	alakazam-mega.png	ponyta-galar.png	slowpoke-galar.png	drowzee.png	hypno.png	mewtwo.png	mewtwo-mega-y.png	mew.png	espeon.png	unown.png	wobbuffet.png	spoink.png	grumpig.png	chimecho.png	wynaut.png	deoxys-normal.png	deoxys-attack.png	deoxys-defense.png	deoxys-speed.png	chingling.png	uxie.png	mesprit.png	azelf.png	cresselia.png	munna.png	musharna.png	gothita.png	gothorita.png	gothitelle.png	solosis.png	duosion.png	reuniclus.png	elgyem.png	beheeyem.png	espurr.png	meowstic-male.png	meowstic-female.png	cosmog.png	cosmoem.png	necrozma.png	hatenna.png	hattrem.png
Bug,Bug,19,											,											,Grass	Fighting	Ground									,Normal	Water	Electric	Ice	Poison	Psychic	Bug	Ghost	Dragon	Dark	Steel	Fairy,Fire	Flying	Rock									,											,Caterpie	Metapod	Pinsir	Pineco	Wurmple	Silcoon	Cascoon	Volbeat	Illumise	Kricketot	Kricketune	Burmy	Karrablast	Shelmet	Accelgor	Scatterbug	Spewpa	Grubbin	Blipbug,caterpie.png	metapod.png	pinsir.png	pineco.png	wurmple.png	silcoon.png	cascoon.png	volbeat.png	illumise.png	kricketot.png	kricketune.png	burmy.png	karrablast.png	shelmet.png	accelgor.png	scatterbug.png	spewpa.png	grubbin.png	blipbug.png
Rock,Rock,16,								,								,Normal	Fire	Poison	Flying					,Electric	Ice	Psychic	Bug	Rock	Ghost	Dragon	Dark	Fairy,Water	Grass	Fighting	Ground	Steel				,								,Sudowoodo	Nosepass	Regirock	Cranidos	Rampardos	Bonsly	Roggenrola	Boldore	Gigalith	Rockruff	Rockruff (Own Tempo)	Lycanroc (Midday)	Lycanroc (Midnight)	Lycanroc (Dusk)	Rolycoly	Stonjourner,sudowoodo.png	nosepass.png	regirock.png	cranidos.png	rampardos.png	bonsly.png	roggenrola.png	boldore.png	gigalith.png	rockruff.png	rockruff-own-tempo.png	lycanroc-midday.png	lycanroc-midnight.png	lycanroc-dusk.png	rolycoly.png	stonjourner.png
Ghost,Ghost,15,Normal	Fighting										,											,Poison	Bug										,Fire	Water	Grass	Electric	Ice	Ground	Flying	Psychic	Rock	Dragon	Steel	Fairy,Ghost	Dark										,											,Misdreavus	Corsola (Galar)	Shuppet	Banette	Banette (Mega)	Duskull	Dusclops	Mismagius	Dusknoir	Yamask	Cofagrigus	Sinistea	Polteageist	Cursola	Spectrier,misdreavus.png	corsola-galar.png	shuppet.png	banette.png	banette-mega.png	duskull.png	dusclops.png	mismagius.png	dusknoir.png	yamask.png	cofagrigus.png	sinistea.png	polteageist.png	cursola.png	spectrier.png
Dragon,Dragon,13,										,										,Fire	Water	Grass	Electric							,Normal	Fighting	Poison	Ground	Flying	Psychic	Bug	Rock	Ghost	Dark	Steel,Ice	Dragon	Fairy								,										,Dratini	Dragonair	Bagon	Shelgon	Axew	Fraxure	Haxorus	Druddigon	Goomy	Sliggoo	Goodra	Jangmo-O	Regidrago,dratini.png	dragonair.png	bagon.png	shelgon.png	axew.png	fraxure.png	haxorus.png	druddigon.png	goomy.png	sliggoo.png	goodra.png	jangmo-o.png	regidrago.png
Dark,Dark,14,Psychic											,											,Ghost	Dark										,Normal	Fire	Water	Grass	Electric	Ice	Poison	Ground	Flying	Rock	Dragon	Steel,Fighting	Bug	Fairy									,											,Meowth (Alola)	Persian (Alola)	Umbreon	Poochyena	Mightyena	Absol	Absol (Mega)	Darkrai	Purrloin	Liepard	Zorua	Zoroark	Nickit	Thievul,meowth-alola.png	persian-alola.png	umbreon.png	poochyena.png	mightyena.png	absol.png	absol-mega.png	darkrai.png	purrloin.png	liepard.png	zorua.png	zoroark.png	nickit.png	thievul.png
Steel,Steel,13,Poison									,									,Normal	Grass	Ice	Flying	Psychic	Bug	Rock	Dragon	Steel	Fairy,Water	Electric	Ghost	Dark						,Fire	Fighting	Ground							,									,Meowth (Galar)	Aggron (Mega)	Registeel	Klink	Klang	Klinklang	Meltan	Melmetal	Melmetal (Gmax)	Perrserker	Cufant	Copperajah	Copperajah (Gmax),meowth-galar.png	aggron-mega.png	registeel.png	klink.png	klang.png	klinklang.png	meltan.png	melmetal.png	melmetal-gmax.png	perrserker.png	cufant.png	copperajah.png	copperajah-gmax.png
Fairy,Fairy,21,Dragon											,											,Fighting	Bug	Dark									,Normal	Fire	Water	Grass	Electric	Ice	Ground	Flying	Psychic	Rock	Ghost	Fairy,Poison	Steel										,											,Clefairy	Clefable	Cleffa	Togepi	Snubbull	Granbull	Flabebe	Floette	Floette (Eternal)	Florges	Spritzee	Aromatisse	Swirlix	Slurpuff	Sylveon	Xerneas	Comfey	Milcery	Alcremie	Alcremie (Gmax)	Zacian (Hero),clefairy.png	clefable.png	cleffa.png	togepi.png	snubbull.png	granbull.png	flabebe.png	floette.png	floette-eternal.png	florges.png	spritzee.png	aromatisse.png	swirlix.png	slurpuff.png	sylveon.png	xerneas.png	comfey.png	milcery.png	alcremie.png	alcremie-gmax.png	zacian-hero.png
Fairy,Normal,5,Ghost	Dragon										,											,Bug	Dark										,Normal	Fire	Water	Grass	Electric	Ice	Fighting	Ground	Flying	Psychic	Rock	Fairy,Poison	Steel										,											,Jigglypuff	Wigglytuff	Igglybuff	Azurill	Audino (Mega),jigglypuff.png	wigglytuff.png	igglybuff.png	azurill.png	audino-mega.png
Steel,Normal,0,Poison	Ghost								,									,Normal	Grass	Ice	Flying	Psychic	Bug	Rock	Dragon	Steel	Fairy,Water	Electric	Dark							,Fire	Ground								,Fighting									,,
Dark,Normal,5,Psychic	Ghost										,											,Dark											,Normal	Fire	Water	Grass	Electric	Ice	Poison	Ground	Flying	Rock	Dragon	Steel,Bug	Fairy										,Fighting											,Rattata (Alola)	Raticate (Alola)	Zigzagoon (Galar)	Linoone (Galar)	Obstagoon,rattata-alola.png	raticate-alola.png	zigzagoon-galar.png	linoone-galar.png	obstagoon.png
Dragon,Normal,1,Ghost								,								,Fire	Water	Grass	Electric					,Normal	Poison	Ground	Flying	Psychic	Bug	Rock	Dark	Steel,Ice	Fighting	Dragon	Fairy					,								,Drampa,drampa.png
Ghost,Normal,0,Normal	Fighting	Ghost									,											,Poison	Bug										,Fire	Water	Grass	Electric	Ice	Ground	Flying	Psychic	Rock	Dragon	Steel	Fairy,Dark											,											,,
Rock,Normal,0,Ghost							,							,Normal	Fire	Poison	Flying				,Electric	Ice	Psychic	Bug	Rock	Dragon	Dark	Fairy,Water	Grass	Ground	Steel				,Fighting							,,
Bug,Normal,0,Ghost											,											,Grass	Ground										,Normal	Water	Electric	Ice	Fighting	Poison	Psychic	Bug	Dragon	Dark	Steel	Fairy,Fire	Flying	Rock									,											,,
Psychic,Normal,5,Ghost													,													,Psychic													,Normal	Fire	Water	Grass	Electric	Ice	Fighting	Poison	Ground	Flying	Rock	Dragon	Steel	Fairy,Bug	Dark												,													,Girafarig	Meloetta (Aria)	Oranguru	Indeedee (Male)	Indeedee (Female),girafarig.png	meloetta-aria.png	oranguru.png	indeedee-male.png	indeedee-female.png
Flying,Normal,27,Ground	Ghost									,										,Grass	Bug									,Normal	Fire	Water	Fighting	Poison	Flying	Psychic	Dragon	Dark	Steel	Fairy,Electric	Ice	Rock								,										,Pidgey	Pidgeotto	Pidgeot	Pidgeot (Mega)	Spearow	Fearow	Farfetchd	Doduo	Dodrio	Hoothoot	Noctowl	Taillow	Swellow	Swablu	Starly	Staravia	Staraptor	Chatot	Pidove	Tranquill	Unfezant	Rufflet	Braviary	Fletchling	Pikipek	Trumbeak	Toucannon,pidgey.png	pidgeotto.png	pidgeot.png	pidgeot-mega.png	spearow.png	fearow.png	farfetchd.png	doduo.png	dodrio.png	hoothoot.png	noctowl.png	taillow.png	swellow.png	swablu.png	starly.png	staravia.png	staraptor.png	chatot.png	pidove.png	tranquill.png	unfezant.png	rufflet.png	braviary.png	fletchling.png	pikipek.png	trumbeak.png	toucannon.png
Ground,Normal,1,Electric	Ghost								,									,Poison	Rock								,Normal	Fire	Ground	Flying	Psychic	Bug	Dragon	Dark	Steel	Fairy,Water	Grass	Ice	Fighting						,									,Diggersby,diggersby.png
Poison,Normal,0,Ghost										,										,Grass	Poison	Bug	Fairy							,Normal	Fire	Water	Electric	Ice	Fighting	Flying	Rock	Dragon	Dark	Steel,Ground	Psychic									,										,,
Fighting,Normal,4,Ghost									,									,Bug	Rock	Dark							,Normal	Fire	Water	Grass	Electric	Ice	Poison	Ground	Dragon	Steel,Fighting	Flying	Psychic	Fairy						,									,Lopunny (Mega)	Meloetta (Pirouette)	Stufful	Bewear,lopunny-mega.png	meloetta-pirouette.png	stufful.png	bewear.png
Ice,Normal,0,Ghost											,											,Ice											,Normal	Water	Grass	Electric	Poison	Ground	Flying	Psychic	Bug	Dragon	Dark	Fairy,Fire	Rock	Steel									,Fighting											,,
Electric,Normal,2,Ghost											,											,Electric	Flying	Steel									,Normal	Fire	Water	Grass	Ice	Poison	Psychic	Bug	Rock	Dragon	Dark	Fairy,Fighting	Ground										,											,Helioptile	Heliolisk,helioptile.png	heliolisk.png
Grass,Normal,2,Ghost						,						,Water	Grass	Electric	Ground			,Normal	Psychic	Rock	Dragon	Dark	Steel	Fairy,Fire	Ice	Fighting	Poison	Flying	Bug	,						,Deerling	Sawsbuck,deerling.png	sawsbuck.png
Water,Normal,1,Ghost									,									,Fire	Water	Ice	Steel						,Normal	Poison	Ground	Flying	Psychic	Bug	Rock	Dragon	Dark	Fairy,Grass	Electric	Fighting							,									,Bibarel,bibarel.png
Fire,Normal,2,Ghost						,						,Fire	Grass	Ice	Bug	Steel	Fairy	,Normal	Electric	Poison	Flying	Psychic	Dragon	Dark,Water	Fighting	Ground	Rock			,						,Litleo	Pyroar,litleo.png	pyroar.png
Fairy,Fire,0,Dragon					,Bug					,Fire	Grass	Ice	Fighting	Dark	Fairy,Normal	Electric	Flying	Psychic	Ghost	Steel,Water	Poison	Ground	Rock		,					,,
Steel,Fire,1,Poison				,Grass	Ice	Bug	Steel	Fairy,Normal	Flying	Psychic	Dragon	,Fire	Electric	Rock	Ghost	Dark,Water	Fighting			,Ground				,Heatran,heatran.png
Dark,Fire,4,Psychic						,						,Fire	Grass	Ice	Ghost	Dark	Steel	,Normal	Electric	Poison	Flying	Bug	Dragon	Fairy,Water	Fighting	Ground	Rock			,						,Houndour	Houndoom	Houndoom (Mega)	Incineroar,houndour.png	houndoom.png	houndoom-mega.png	incineroar.png
Dragon,Fire,3,									,Fire	Grass								,Electric	Bug	Steel							,Normal	Water	Ice	Fighting	Poison	Flying	Psychic	Ghost	Dark	Fairy,Ground	Rock	Dragon							,									,Charizard (Mega X)	Reshiram	Turtonator,charizard-mega-x.png	reshiram.png	turtonator.png
Ghost,Fire,5,Normal	Fighting				,Bug					,Fire	Grass	Ice	Poison	Steel	Fairy,Electric	Flying	Psychic	Dragon		,Water	Ground	Rock	Ghost	Dark	,					,Marowak (Alola)	Litwick	Lampent	Chandelure	Blacephalon,marowak-alola.png	litwick.png	lampent.png	chandelure.png	blacephalon.png
Rock,Fire,4,						,Fire						,Normal	Ice	Poison	Flying	Bug	Fairy	,Grass	Electric	Psychic	Ghost	Dragon	Dark	Steel,Fighting	Rock					,Water	Ground					,Magcargo	Carkol	Coalossal	Coalossal (Gmax),magcargo.png	carkol.png	coalossal.png	coalossal-gmax.png
Bug,Fire,5,								,Grass								,Ice	Fighting	Bug	Steel	Fairy				,Normal	Fire	Electric	Poison	Ground	Psychic	Ghost	Dragon	Dark,Water	Flying							,Rock								,Larvesta	Volcarona	Sizzlipede	Centiskorch	Centiskorch (Gmax),larvesta.png	volcarona.png	sizzlipede.png	centiskorch.png	centiskorch-gmax.png
Psychic,Fire,3,						,						,Fire	Grass	Ice	Fighting	Psychic	Steel	Fairy,Normal	Electric	Poison	Flying	Bug	Dragon	,Water	Ground	Rock	Ghost	Dark		,						,Victini	Darmanitan (Zen)	Delphox,victini.png	darmanitan-zen.png	delphox.png
Flying,Fire,8,Ground							,Grass	Bug						,Fire	Fighting	Steel	Fairy				,Normal	Ice	Poison	Flying	Psychic	Ghost	Dragon	Dark,Water	Electric						,Rock							,Charizard	Charizard (Mega Y)	Charizard (Gmax)	Moltres	Ho-Oh	Fletchinder	Talonflame	Oricorio (Baile),charizard.png	charizard-mega-y.png	charizard-gmax.png	moltres.png	ho-oh.png	fletchinder.png	talonflame.png	oricorio-baile.png
Ground,Fire,4,Electric									,									,Fire	Poison	Bug	Steel	Fairy					,Normal	Grass	Ice	Fighting	Flying	Psychic	Rock	Ghost	Dragon	Dark,Ground									,Water									,Numel	Camerupt	Camerupt (Mega)	Groudon (Primal),numel.png	camerupt.png	camerupt-mega.png	groudon-primal.png
Poison,Fire,2,					,Grass	Bug	Fairy			,Fire	Ice	Fighting	Poison	Steel	,Normal	Electric	Flying	Ghost	Dragon	Dark,Water	Psychic	Rock			,Ground					,Salandit	Salazzle,salandit.png	salazzle.png
Fighting,Fire,7,							,Bug							,Fire	Grass	Ice	Dark	Steel			,Normal	Electric	Fighting	Poison	Rock	Ghost	Dragon	Fairy,Water	Ground	Flying	Psychic				,							,Combusken	Blaziken	Blaziken (Mega)	Monferno	Infernape	Pignite	Emboar,combusken.png	blaziken.png	blaziken-mega.png	monferno.png	infernape.png	pignite.png	emboar.png
Ice,Fire,1,									,Ice									,Grass	Bug	Fairy							,Normal	Fire	Electric	Poison	Flying	Psychic	Ghost	Dragon	Dark	Steel,Water	Fighting	Ground							,Rock									,Darmanitan (Zen Galar),darmanitan-zen-galar.png
Electric,Fire,1,						,Steel						,Fire	Grass	Electric	Ice	Flying	Bug	Fairy,Normal	Fighting	Poison	Psychic	Ghost	Dragon	Dark,Water	Rock					,Ground						,Rotom (Heat),rotom-heat.png
Grass,Fire,0,										,Grass										,Electric	Steel	Fairy								,Normal	Fire	Water	Ice	Fighting	Ground	Psychic	Bug	Ghost	Dragon	Dark,Poison	Flying	Rock								,										,,
Water,Fire,1,									,Fire	Ice	Steel							,Bug	Fairy								,Normal	Water	Grass	Fighting	Poison	Flying	Psychic	Ghost	Dragon	Dark,Electric	Ground	Rock							,									,Volcanion,volcanion.png
Fairy,Water,4,Dragon							,							,Fire	Water	Ice	Fighting	Bug	Dark		,Normal	Ground	Flying	Psychic	Rock	Ghost	Steel	Fairy,Grass	Electric	Poison					,							,Marill	Azumarill	Primarina	Tapu Fini,marill.png	azumarill.png	primarina.png	tapu-fini.png
Steel,Water,1,Poison							,Ice	Steel						,Normal	Water	Flying	Psychic	Bug	Rock	Dragon	Fairy,Fire	Grass	Ghost	Dark				,Electric	Fighting	Ground					,							,Empoleon,empoleon.png
Dark,Water,8,Psychic					,					,Fire	Water	Ice	Ghost	Dark	Steel,Normal	Poison	Ground	Flying	Rock	Dragon,Grass	Electric	Fighting	Bug	Fairy	,					,Gyarados (Mega)	Carvanha	Sharpedo	Sharpedo (Mega)	Crawdaunt	Greninja	Greninja (Battle Bond)	Greninja (Ash),gyarados-mega.png	carvanha.png	sharpedo.png	sharpedo-mega.png	crawdaunt.png	greninja.png	greninja-battle-bond.png	greninja-ash.png
Dragon,Water,3,												,Fire	Water											,Steel												,Normal	Grass	Electric	Ice	Fighting	Poison	Ground	Flying	Psychic	Bug	Rock	Ghost	Dark,Dragon	Fairy											,												,Kingdra	Palkia	Dracovish,kingdra.png	palkia.png	dracovish.png
Ghost,Water,2,Normal	Fighting				,					,Fire	Water	Ice	Poison	Bug	Steel,Ground	Flying	Psychic	Rock	Dragon	Fairy,Grass	Electric	Ghost	Dark		,					,Frillish	Jellicent,frillish.png	jellicent.png
Rock,Water,12,								,Fire								,Normal	Ice	Poison	Flying					,Water	Psychic	Bug	Rock	Ghost	Dragon	Dark	Steel	Fairy,Electric	Fighting	Ground						,Grass								,Omanyte	Omastar	Kabuto	Kabutops	Corsola	Relicanth	Tirtouga	Carracosta	Binacle	Barbaracle	Drednaw	Drednaw (Gmax),omanyte.png	omastar.png	kabuto.png	kabutops.png	corsola.png	relicanth.png	tirtouga.png	carracosta.png	binacle.png	barbaracle.png	drednaw.png	drednaw-gmax.png
Bug,Water,5,									,									,Water	Ice	Fighting	Ground	Steel					,Normal	Fire	Grass	Poison	Psychic	Bug	Ghost	Dragon	Dark	Fairy,Electric	Flying	Rock							,									,Surskit	Dewpider	Araquanid	Wimpod	Golisopod,surskit.png	dewpider.png	araquanid.png	wimpod.png	golisopod.png
Psychic,Water,6,						,						,Fire	Water	Ice	Fighting	Psychic	Steel	,Normal	Poison	Ground	Flying	Rock	Dragon	Fairy,Grass	Electric	Bug	Ghost	Dark		,						,Slowpoke	Slowbro	Slowbro (Mega)	Starmie	Slowking	Bruxish,slowpoke.png	slowbro.png	slowbro-mega.png	starmie.png	slowking.png	bruxish.png
Flying,Water,8,Ground									,									,Fire	Water	Fighting	Bug	Steel					,Normal	Grass	Ice	Poison	Flying	Psychic	Ghost	Dragon	Dark	Fairy,Rock									,Electric									,Gyarados	Mantine	Wingull	Pelipper	Mantyke	Ducklett	Swanna	Cramorant,gyarados.png	mantine.png	wingull.png	pelipper.png	mantyke.png	ducklett.png	swanna.png	cramorant.png
Ground,Water,10,Electric											,											,Fire	Poison	Rock	Steel								,Normal	Water	Ice	Fighting	Ground	Flying	Psychic	Bug	Ghost	Dragon	Dark	Fairy,											,Grass											,Wooper	Quagsire	Marshtomp	Swampert	Swampert (Mega)	Barboach	Whiscash	Gastrodon	Palpitoad	Seismitoad,wooper.png	quagsire.png	marshtomp.png	swampert.png	swampert-mega.png	barboach.png	whiscash.png	gastrodon.png	palpitoad.png	seismitoad.png
Poison,Water,6,							,							,Fire	Water	Ice	Fighting	Poison	Bug	Steel	Fairy,Normal	Grass	Flying	Rock	Ghost	Dragon	Dark	,Electric	Ground	Psychic					,							,Tentacool	Tentacruel	Qwilfish	Skrelp	Mareanie	Toxapex,tentacool.png	tentacruel.png	qwilfish.png	skrelp.png	mareanie.png	toxapex.png
Fighting,Water,5,						,						,Fire	Water	Ice	Bug	Rock	Dark	Steel,Normal	Fighting	Poison	Ground	Ghost	Dragon	,Grass	Electric	Flying	Psychic	Fairy		,						,Poliwrath	Keldeo (Ordinary)	Keldeo (Resolute)	Urshifu (Rapid Strike)	Urshifu (Rapid Strike Gmax),poliwrath.png	keldeo-ordinary.png	keldeo-resolute.png	urshifu-rapid-strike.png	urshifu-rapid-strike-gmax.png
Ice,Water,8,											,Ice											,Water											,Normal	Fire	Poison	Ground	Flying	Psychic	Bug	Ghost	Dragon	Dark	Steel	Fairy,Grass	Electric	Fighting	Rock								,											,Dewgong	Cloyster	Lapras	Lapras (Gmax)	Spheal	Sealeo	Walrein	Arctovish,dewgong.png	cloyster.png	lapras.png	lapras-gmax.png	spheal.png	sealeo.png	walrein.png	arctovish.png
Electric,Water,3,										,Steel										,Fire	Water	Ice	Flying							,Normal	Electric	Fighting	Poison	Psychic	Bug	Rock	Ghost	Dragon	Dark	Fairy,Grass	Ground									,										,Chinchou	Lanturn	Rotom (Wash),chinchou.png	lanturn.png	rotom-wash.png
Grass,Water,3,											,Water											,Ground	Steel										,Normal	Fire	Grass	Electric	Ice	Fighting	Psychic	Rock	Ghost	Dragon	Dark	Fairy,Poison	Flying	Bug									,											,Lotad	Lombre	Ludicolo,lotad.png	lombre.png	ludicolo.png
Fairy,Grass,5,Dragon					,					,Water	Grass	Electric	Fighting	Ground	Dark,Normal	Psychic	Bug	Rock	Ghost	Fairy,Fire	Ice	Flying	Steel		,Poison					,Cottonee	Whimsicott	Morelull	Shiinotic	Tapu Bulu,cottonee.png	whimsicott.png	morelull.png	shiinotic.png	tapu-bulu.png
Steel,Grass,3,Poison							,Grass							,Normal	Water	Electric	Psychic	Rock	Dragon	Steel	Fairy,Ice	Ground	Flying	Bug	Ghost	Dark		,Fighting							,Fire							,Ferroseed	Ferrothorn	Kartana,ferroseed.png	ferrothorn.png	kartana.png
Dark,Grass,4,Psychic					,					,Water	Grass	Electric	Ground	Ghost	Dark,Normal	Rock	Dragon	Steel		,Fire	Ice	Fighting	Poison	Flying	Fairy,Bug					,Nuzleaf	Shiftry	Cacturne	Zarude,nuzleaf.png	shiftry.png	cacturne.png	zarude.png
Dragon,Grass,7,							,Water	Grass	Electric					,Ground							,Normal	Fire	Fighting	Psychic	Rock	Ghost	Dark	Steel,Poison	Flying	Bug	Dragon	Fairy			,Ice							,Exeggutor (Alola)	Sceptile (Mega)	Applin	Flapple	Flapple (Gmax)	Appletun	Appletun (Gmax),exeggutor-alola.png	sceptile-mega.png	applin.png	flapple.png	flapple-gmax.png	appletun.png	appletun-gmax.png
Ghost,Grass,12,Normal	Fighting					,						,Water	Grass	Electric	Ground			,Poison	Psychic	Bug	Rock	Dragon	Steel	Fairy,Fire	Ice	Flying	Ghost	Dark		,						,Phantump	Trevenant	Pumpkaboo (Average)	Pumpkaboo (Small)	Pumpkaboo (Large)	Pumpkaboo (Super)	Gourgeist (Average)	Gourgeist (Small)	Gourgeist (Large)	Gourgeist (Super)	Decidueye	Dhelmise,phantump.png	trevenant.png	pumpkaboo-average.png	pumpkaboo-small.png	pumpkaboo-large.png	pumpkaboo-super.png	gourgeist-average.png	gourgeist-small.png	gourgeist-large.png	gourgeist-super.png	decidueye.png	dhelmise.png
Rock,Grass,2,											,											,Normal	Electric										,Fire	Water	Grass	Poison	Ground	Flying	Psychic	Rock	Ghost	Dragon	Dark	Fairy,Ice	Fighting	Bug	Steel								,											,Lileep	Cradily,lileep.png	cradily.png
Bug,Grass,6,						,Grass	Ground					,Water	Electric	Fighting				,Normal	Psychic	Ghost	Dragon	Dark	Steel	Fairy,Ice	Poison	Bug	Rock			,Fire	Flying					,Paras	Parasect	Wormadam (Plant)	Sewaddle	Swadloon	Leavanny,paras.png	parasect.png	wormadam-plant.png	sewaddle.png	swadloon.png	leavanny.png
Psychic,Grass,4,					,					,Water	Grass	Electric	Fighting	Ground	Psychic,Normal	Rock	Dragon	Steel	Fairy	,Fire	Ice	Poison	Flying	Ghost	Dark,Bug					,Exeggcute	Exeggutor	Celebi	Calyrex,exeggcute.png	exeggutor.png	celebi.png	calyrex.png
Flying,Grass,7,Ground								,Grass								,Water	Fighting							,Normal	Electric	Psychic	Bug	Ghost	Dragon	Dark	Steel	Fairy,Fire	Poison	Flying	Rock					,Ice								,Hoppip	Skiploom	Jumpluff	Tropius	Shaymin (Sky)	Rowlet	Dartrix,hoppip.png	skiploom.png	jumpluff.png	tropius.png	shaymin-sky.png	rowlet.png	dartrix.png
Ground,Grass,1,Electric										,										,Ground	Rock									,Normal	Water	Grass	Fighting	Poison	Psychic	Ghost	Dragon	Dark	Steel	Fairy,Fire	Flying	Bug								,Ice										,Torterra,torterra.png
Poison,Grass,16,								,Grass								,Water	Electric	Fighting	Fairy					,Normal	Poison	Ground	Bug	Rock	Ghost	Dragon	Dark	Steel,Fire	Ice	Flying	Psychic					,								,Bulbasaur	Ivysaur	Venusaur	Venusaur (Mega)	Venusaur (Gmax)	Oddish	Gloom	Vileplume	Bellsprout	Weepinbell	Victreebel	Roselia	Budew	Roserade	Foongus	Amoonguss,bulbasaur.png	ivysaur.png	venusaur.png	venusaur-mega.png	venusaur-gmax.png	oddish.png	gloom.png	vileplume.png	bellsprout.png	weepinbell.png	victreebel.png	roselia.png	budew.png	roserade.png	foongus.png	amoonguss.png
Fighting,Grass,3,					,					,Water	Grass	Electric	Ground	Rock	Dark,Normal	Fighting	Bug	Ghost	Dragon	Steel,Fire	Ice	Poison	Psychic	Fairy	,Flying					,Breloom	Virizion	Chesnaught,breloom.png	virizion.png	chesnaught.png
Ice,Grass,3,						,						,Water	Grass	Electric	Ground			,Normal	Ice	Psychic	Ghost	Dragon	Dark	Fairy,Fighting	Poison	Flying	Bug	Rock	Steel	,Fire						,Snover	Abomasnow	Abomasnow (Mega),snover.png	abomasnow.png	abomasnow-mega.png
Electric,Grass,1,									,Electric									,Water	Grass	Steel							,Normal	Fighting	Ground	Flying	Psychic	Rock	Ghost	Dragon	Dark	Fairy,Fire	Ice	Poison	Bug						,									,Rotom (Mow),rotom-mow.png
Fairy,Electric,2,Dragon									,									,Electric	Fighting	Flying	Bug	Dark					,Normal	Fire	Water	Grass	Ice	Psychic	Rock	Ghost	Steel	Fairy,Poison	Ground								,									,Dedenne	Tapu Koko,dedenne.png	tapu-koko.png
Steel,Electric,4,Poison								,Flying	Steel							,Normal	Grass	Electric	Ice	Psychic	Bug	Rock	Dragon	Fairy,Water	Ghost	Dark						,Fire	Fighting							,Ground								,Magnemite	Magneton	Magnezone	Togedemaru,magnemite.png	magneton.png	magnezone.png	togedemaru.png
Dark,Electric,1,Psychic							,							,Electric	Flying	Ghost	Dark	Steel			,Normal	Fire	Water	Grass	Ice	Poison	Rock	Dragon,Fighting	Ground	Bug	Fairy				,							,Morpeko,morpeko.png
Dragon,Electric,3,							,Electric							,Fire	Water	Grass	Flying	Steel			,Normal	Fighting	Poison	Psychic	Bug	Rock	Ghost	Dark,Ice	Ground	Dragon	Fairy				,							,Ampharos (Mega)	Zekrom	Dracozolt,ampharos-mega.png	zekrom.png	dracozolt.png
Ghost,Electric,1,Normal	Fighting						,							,Electric	Poison	Flying	Bug	Steel			,Fire	Water	Grass	Ice	Psychic	Rock	Dragon	Fairy,Ground	Ghost	Dark					,							,Rotom,rotom.png
Rock,Electric,3,								,Flying								,Normal	Fire	Electric	Poison					,Ice	Psychic	Bug	Rock	Ghost	Dragon	Dark	Steel	Fairy,Water	Grass	Fighting						,Ground								,Geodude (Alola)	Graveler (Alola)	Golem (Alola),geodude-alola.png	graveler-alola.png	golem-alola.png
Bug,Electric,4,											,											,Grass	Electric	Fighting	Steel								,Normal	Water	Ice	Poison	Ground	Flying	Psychic	Bug	Ghost	Dragon	Dark	Fairy,Fire	Rock										,											,Joltik	Galvantula	Charjabug	Vikavolt,joltik.png	galvantula.png	charjabug.png	vikavolt.png
Psychic,Electric,1,								,								,Electric	Fighting	Flying	Psychic	Steel				,Normal	Fire	Water	Grass	Ice	Poison	Rock	Dragon	Fairy,Ground	Bug	Ghost	Dark					,								,Raichu (Alola),raichu-alola.png
Flying,Electric,6,Ground									,									,Grass	Fighting	Flying	Bug	Steel					,Normal	Fire	Water	Electric	Poison	Psychic	Ghost	Dragon	Dark	Fairy,Ice	Rock								,									,Zapdos	Rotom (Fan)	Emolga	Thundurus (Incarnate)	Thundurus (Therian)	Oricorio (Pom Pom),zapdos.png	rotom-fan.png	emolga.png	thundurus-incarnate.png	thundurus-therian.png	oricorio-pom-pom.png
Ground,Electric,1,Electric								,								,Poison	Flying	Rock	Steel					,Normal	Fire	Fighting	Psychic	Bug	Ghost	Dragon	Dark	Fairy,Water	Grass	Ice	Ground					,								,Stunfisk,stunfisk.png
Poison,Electric,5,							,							,Grass	Electric	Fighting	Poison	Flying	Bug	Steel	Fairy,Normal	Fire	Water	Ice	Rock	Ghost	Dragon	Dark,Psychic							,Ground							,Toxel	Toxtricity (Amped)	Toxtricity (Low Key)	Toxtricity (Amped Gmax)	Toxtricity (Low Key Gmax),toxel.png	toxtricity-amped.png	toxtricity-low-key.png	toxtricity-amped-gmax.png	toxtricity-low-key-gmax.png
Fighting,Electric,0,									,									,Electric	Bug	Rock	Dark	Steel					,Normal	Fire	Water	Grass	Ice	Fighting	Poison	Flying	Ghost	Dragon,Ground	Psychic	Fairy							,									,,
Ice,Electric,2,										,										,Electric	Ice	Flying								,Normal	Water	Grass	Poison	Psychic	Bug	Ghost	Dragon	Dark	Steel	Fairy,Fire	Fighting	Ground	Rock							,										,Rotom (Frost)	Arctozolt,rotom-frost.png	arctozolt.png
Fairy,Ice,1,Dragon									,									,Ice	Bug	Dark							,Normal	Water	Grass	Electric	Fighting	Ground	Flying	Psychic	Ghost	Fairy,Fire	Poison	Rock							,Steel									,Ninetales (Alola),ninetales-alola.png
Steel,Ice,2,Poison						,Ice						,Normal	Grass	Flying	Psychic	Bug	Dragon	Fairy,Water	Electric	Rock	Ghost	Dark	Steel	,Ground						,Fire	Fighting					,Sandshrew (Alola)	Sandslash (Alola),sandshrew-alola.png	sandslash-alola.png
Dark,Ice,2,Psychic							,							,Ice	Ghost	Dark					,Normal	Water	Grass	Electric	Poison	Ground	Flying	Dragon,Fire	Bug	Rock	Steel	Fairy			,Fighting							,Sneasel	Weavile,sneasel.png	weavile.png
Dragon,Ice,3,									,									,Water	Grass	Electric							,Normal	Fire	Ice	Poison	Ground	Flying	Psychic	Bug	Ghost	Dark,Fighting	Rock	Dragon	Steel	Fairy					,									,Kyurem	Kyurem (Black)	Kyurem (White),kyurem.png	kyurem-black.png	kyurem-white.png
Ghost,Ice,1,Normal	Fighting						,							,Ice	Poison	Bug					,Water	Grass	Electric	Ground	Flying	Psychic	Dragon	Fairy,Fire	Rock	Ghost	Dark	Steel			,							,Froslass,froslass.png
Rock,Ice,2,							,							,Normal	Ice	Poison	Flying				,Fire	Electric	Psychic	Bug	Ghost	Dragon	Dark	Fairy,Water	Grass	Ground	Rock				,Fighting	Steel						,Amaura	Aurorus,amaura.png	aurorus.png
Bug,Ice,2,										,										,Grass	Ice	Ground								,Normal	Water	Electric	Fighting	Poison	Psychic	Bug	Ghost	Dragon	Dark	Fairy,Flying	Steel									,Fire	Rock									,Snom	Frosmoth,snom.png	frosmoth.png
Psychic,Ice,5,									,									,Ice	Psychic								,Normal	Water	Grass	Electric	Fighting	Poison	Ground	Flying	Dragon	Fairy,Fire	Bug	Rock	Ghost	Dark	Steel				,									,Mr (Mime Galar)	Jynx	Smoochum	Mr Rime	Calyrex (Ice Rider),mr-mime-galar.png	jynx.png	smoochum.png	mr-rime.png	calyrex-ice-rider.png
Flying,Ice,2,Ground										,										,Grass	Bug									,Normal	Water	Ice	Fighting	Poison	Flying	Psychic	Ghost	Dragon	Dark	Fairy,Fire	Electric	Steel								,Rock										,Articuno	Delibird,articuno.png	delibird.png
Ground,Ice,3,Electric										,										,Poison										,Normal	Ice	Ground	Flying	Psychic	Bug	Rock	Ghost	Dragon	Dark	Fairy,Fire	Water	Grass	Fighting	Steel						,										,Swinub	Piloswine	Mamoswine,swinub.png	piloswine.png	mamoswine.png
Poison,Ice,0,							,							,Grass	Ice	Poison	Bug	Fairy			,Normal	Water	Electric	Fighting	Flying	Ghost	Dragon	Dark,Fire	Ground	Psychic	Rock	Steel			,							,,
Fighting,Ice,1,								,								,Ice	Bug	Dark						,Normal	Water	Grass	Electric	Poison	Ground	Rock	Ghost	Dragon,Fire	Fighting	Flying	Psychic	Steel	Fairy			,								,Crabominable,crabominable.png
Fairy,Fighting,0,Dragon							,Bug	Dark						,Fighting	Rock						,Normal	Fire	Water	Grass	Electric	Ice	Ground	Ghost,Poison	Flying	Psychic	Steel	Fairy			,							,,
Steel,Fighting,4,Poison					,Bug	Rock				,Normal	Grass	Ice	Dragon	Dark	Steel,Water	Electric	Flying	Psychic	Ghost	Fairy,Fire	Fighting	Ground			,					,Lucario	Lucario (Mega)	Cobalion	Zamazenta (Crowned),lucario.png	lucario-mega.png	cobalion.png	zamazenta-crowned.png
Dark,Fighting,5,Psychic										,Dark										,Rock	Ghost									,Normal	Fire	Water	Grass	Electric	Ice	Poison	Ground	Bug	Dragon	Steel,Fighting	Flying									,Fairy										,Scraggy	Scrafty	Pangoro	Urshifu (Single Strike)	Urshifu (Single Strike Gmax),scraggy.png	scrafty.png	pangoro.png	urshifu-single-strike.png	urshifu-single-strike-gmax.png
Dragon,Fighting,2,						,						,Fire	Water	Grass	Electric	Bug	Rock	Dark,Normal	Fighting	Poison	Ground	Ghost	Steel	,Ice	Flying	Psychic	Dragon			,Fairy						,Hakamo-O	Kommo-O,hakamo-o.png	kommo-o.png
Ghost,Fighting,1,Normal	Fighting							,Bug								,Poison	Rock							,Fire	Water	Grass	Electric	Ice	Ground	Dragon	Dark	Steel,Flying	Psychic	Ghost	Fairy					,								,Marshadow,marshadow.png
Rock,Fighting,1,						,						,Normal	Fire	Poison	Bug	Rock	Dark	,Electric	Ice	Flying	Ghost	Dragon		,Water	Grass	Fighting	Ground	Psychic	Steel	Fairy,						,Terrakion,terrakion.png
Bug,Fighting,4,								,								,Grass	Fighting	Ground	Bug	Dark				,Normal	Water	Electric	Ice	Poison	Rock	Ghost	Dragon	Steel,Fire	Psychic	Fairy						,Flying								,Heracross	Heracross (Mega)	Buzzwole	Pheromosa,heracross.png	heracross-mega.png	buzzwole.png	pheromosa.png
Psychic,Fighting,6,												,												,Fighting	Rock											,Normal	Fire	Water	Grass	Electric	Ice	Poison	Ground	Psychic	Bug	Dragon	Dark	Steel,Flying	Ghost	Fairy										,												,Mewtwo (Mega X)	Meditite	Medicham	Medicham (Mega)	Gallade	Gallade (Mega),mewtwo-mega-x.png	meditite.png	medicham.png	medicham-mega.png	gallade.png	gallade-mega.png
Flying,Fighting,2,Ground							,Bug							,Grass	Fighting	Dark					,Normal	Fire	Water	Poison	Rock	Ghost	Dragon	Steel,Electric	Ice	Flying	Psychic	Fairy			,							,Zapdos (Galar)	Hawlucha,zapdos-galar.png	hawlucha.png
Ground,Fighting,0,Electric						,Rock						,Poison	Bug	Dark				,Normal	Fire	Fighting	Ground	Ghost	Dragon	Steel,Water	Grass	Ice	Flying	Psychic	Fairy	,						,,
Poison,Fighting,2,								,Bug								,Grass	Fighting	Poison	Rock	Dark				,Normal	Fire	Water	Electric	Ice	Ghost	Dragon	Steel	Fairy,Ground	Flying							,Psychic								,Croagunk	Toxicroak,croagunk.png	toxicroak.png
Fairy,Poison,1,Dragon								,Fighting	Bug							,Grass	Dark	Fairy						,Normal	Fire	Water	Electric	Ice	Poison	Flying	Rock	Ghost,Ground	Psychic	Steel						,								,Weezing (Galar),weezing-galar.png
Steel,Poison,0,Poison					,Grass	Bug	Fairy			,Normal	Ice	Flying	Rock	Dragon	Steel,Water	Electric	Fighting	Psychic	Ghost	Dark,Fire					,Ground					,,
Dark,Poison,5,Psychic											,											,Grass	Poison	Ghost	Dark								,Normal	Fire	Water	Electric	Ice	Fighting	Flying	Bug	Rock	Dragon	Steel	Fairy,Ground											,											,Grimer (Alola)	Muk (Alola)	Stunky	Skuntank	Drapion,grimer-alola.png	muk-alola.png	stunky.png	skuntank.png	drapion.png
Dragon,Poison,4,						,Grass						,Fire	Water	Electric	Fighting	Poison	Bug	,Normal	Flying	Rock	Ghost	Dark	Steel	Fairy,Ice	Ground	Psychic	Dragon			,						,Dragalge	Naganadel	Eternatus	Eternatus (Eternamax),dragalge.png	naganadel.png	eternatus.png	eternatus-eternamax.png
Ghost,Poison,5,Normal	Fighting						,Poison	Bug						,Grass	Fairy						,Fire	Water	Electric	Ice	Flying	Rock	Dragon	Steel,Ground	Psychic	Ghost	Dark				,							,Gastly	Haunter	Gengar	Gengar (Mega)	Gengar (Gmax),gastly.png	haunter.png	gengar.png	gengar-mega.png	gengar-gmax.png
Rock,Poison,1,							,Poison							,Normal	Fire	Flying	Bug	Fairy			,Grass	Electric	Ice	Fighting	Rock	Ghost	Dragon	Dark,Water	Psychic	Steel					,Ground							,Nihilego,nihilego.png
Bug,Poison,13,								,Grass	Fighting							,Poison	Bug	Fairy						,Normal	Water	Electric	Ice	Ground	Ghost	Dragon	Dark	Steel,Fire	Flying	Psychic	Rock					,								,Weedle	Kakuna	Beedrill	Beedrill (Mega)	Venonat	Venomoth	Spinarak	Ariados	Dustox	Skorupi	Venipede	Whirlipede	Scolipede,weedle.png	kakuna.png	beedrill.png	beedrill-mega.png	venonat.png	venomoth.png	spinarak.png	ariados.png	dustox.png	skorupi.png	venipede.png	whirlipede.png	scolipede.png
Psychic,Poison,2,										,Fighting										,Grass	Poison	Fairy								,Normal	Fire	Water	Electric	Ice	Flying	Psychic	Bug	Rock	Dragon	Steel,Ground	Ghost	Dark								,										,Slowbro (Galar)	Slowking (Galar),slowbro-galar.png	slowking-galar.png
Flying,Poison,3,Ground							,Grass	Fighting	Bug					,Poison	Fairy						,Normal	Fire	Water	Flying	Ghost	Dragon	Dark	Steel,Electric	Ice	Psychic	Rock				,							,Zubat	Golbat	Crobat,zubat.png	golbat.png	crobat.png
Ground,Poison,2,Electric							,Poison							,Fighting	Bug	Rock	Fairy				,Normal	Fire	Grass	Flying	Ghost	Dragon	Dark	Steel,Water	Ice	Ground	Psychic				,							,Nidoqueen	Nidoking,nidoqueen.png	nidoking.png
Fairy,Ground,0,Electric	Dragon						,							,Fighting	Bug	Rock	Dark				,Normal	Fire	Poison	Ground	Flying	Psychic	Ghost	Fairy,Water	Grass	Ice	Steel				,							,,
Steel,Ground,6,Electric	Poison					,Rock						,Normal	Flying	Psychic	Bug	Dragon	Steel	Fairy,Grass	Ice	Ghost	Dark			,Fire	Water	Fighting	Ground			,						,Diglett (Alola)	Dugtrio (Alola)	Steelix	Steelix (Mega)	Excadrill	Stunfisk (Galar),diglett-alola.png	dugtrio-alola.png	steelix.png	steelix-mega.png	excadrill.png	stunfisk-galar.png
Dark,Ground,3,Electric	Psychic				,					,Poison	Rock	Ghost	Dark		,Normal	Fire	Ground	Flying	Dragon	Steel,Water	Grass	Ice	Fighting	Bug	Fairy,					,Sandile	Krokorok	Krookodile,sandile.png	krokorok.png	krookodile.png
Dragon,Ground,10,Electric										,										,Fire	Poison	Rock								,Normal	Water	Grass	Fighting	Ground	Flying	Psychic	Bug	Ghost	Dark	Steel,Dragon	Fairy									,Ice										,Vibrava	Flygon	Gible	Gabite	Garchomp	Garchomp (Mega)	Zygarde	Zygarde (10)	Zygarde (50)	Zygarde (Complete),vibrava.png	flygon.png	gible.png	gabite.png	garchomp.png	garchomp-mega.png	zygarde.png	zygarde-10.png	zygarde-50.png	zygarde-complete.png
Ghost,Ground,6,Normal	Electric	Fighting				,Poison						,Bug	Rock					,Fire	Ground	Flying	Psychic	Dragon	Steel	Fairy,Water	Grass	Ice	Ghost	Dark		,						,Yamask (Galar)	Golett	Golurk	Sandygast	Palossand	Runerigus,yamask-galar.png	golett.png	golurk.png	sandygast.png	palossand.png	runerigus.png
Rock,Ground,9,Electric					,Poison					,Normal	Fire	Flying	Rock		,Psychic	Bug	Ghost	Dragon	Dark	Fairy,Ice	Fighting	Ground	Steel		,Water	Grass				,Geodude	Graveler	Golem	Onix	Rhyhorn	Rhydon	Larvitar	Pupitar	Rhyperior,geodude.png	graveler.png	golem.png	onix.png	rhyhorn.png	rhydon.png	larvitar.png	pupitar.png	rhyperior.png
Bug,Ground,2,Electric									,									,Fighting	Poison	Ground							,Normal	Grass	Psychic	Bug	Rock	Ghost	Dragon	Dark	Steel	Fairy,Fire	Water	Ice	Flying						,									,Nincada	Wormadam (Sandy),nincada.png	wormadam-sandy.png
Psychic,Ground,2,Electric						,						,Fighting	Poison	Psychic	Rock			,Normal	Fire	Ground	Flying	Dragon	Steel	Fairy,Water	Grass	Ice	Bug	Ghost	Dark	,						,Baltoy	Claydol,baltoy.png	claydol.png
Flying,Ground,4,Electric	Ground									,										,Fighting	Poison	Bug								,Normal	Fire	Grass	Flying	Psychic	Rock	Ghost	Dragon	Dark	Steel	Fairy,Water										,Ice										,Gligar	Gliscor	Landorus (Incarnate)	Landorus (Therian),gligar.png	gliscor.png	landorus-incarnate.png	landorus-therian.png
Fairy,Flying,2,Ground	Dragon					,Fighting	Bug					,Grass	Dark					,Normal	Fire	Water	Flying	Psychic	Ghost	Fairy,Electric	Ice	Poison	Rock	Steel		,						,Togetic	Togekiss,togetic.png	togekiss.png
Steel,Flying,4,Poison	Ground				,Grass	Bug				,Normal	Flying	Psychic	Dragon	Steel	Fairy,Water	Ice	Fighting	Rock	Ghost	Dark,Fire	Electric				,					,Skarmory	Celesteela	Corviknight	Corviknight (Gmax),skarmory.png	celesteela.png	corviknight.png	corviknight-gmax.png
Dark,Flying,6,Ground	Psychic							,								,Grass	Ghost	Dark						,Normal	Fire	Water	Fighting	Poison	Flying	Bug	Dragon	Steel,Electric	Ice	Rock	Fairy					,								,Moltres (Galar)	Murkrow	Honchkrow	Vullaby	Mandibuzz	Yveltal,moltres-galar.png	murkrow.png	honchkrow.png	vullaby.png	mandibuzz.png	yveltal.png
Dragon,Flying,8,Ground							,Grass							,Fire	Water	Fighting	Bug				,Normal	Electric	Poison	Flying	Psychic	Ghost	Dark	Steel,Rock	Dragon	Fairy					,Ice							,Dragonite	Altaria	Salamence	Salamence (Mega)	Rayquaza	Rayquaza (Mega)	Noibat	Noivern,dragonite.png	altaria.png	salamence.png	salamence-mega.png	rayquaza.png	rayquaza-mega.png	noibat.png	noivern.png
Ghost,Flying,3,Normal	Fighting	Ground				,Bug						,Grass	Poison					,Fire	Water	Flying	Psychic	Dragon	Steel	Fairy,Electric	Ice	Rock	Ghost	Dark		,						,Drifloon	Drifblim	Oricorio (Sensu),drifloon.png	drifblim.png	oricorio-sensu.png
Rock,Flying,18,Ground						,						,Normal	Fire	Poison	Flying	Bug		,Grass	Fighting	Psychic	Ghost	Dragon	Dark	Fairy,Water	Electric	Ice	Rock	Steel		,						,Aerodactyl	Aerodactyl (Mega)	Archen	Archeops	Minior (Red Meteor)	Minior (Orange Meteor)	Minior (Yellow Meteor)	Minior (Green Meteor)	Minior (Blue Meteor)	Minior (Indigo Meteor)	Minior (Violet Meteor)	Minior (Red)	Minior (Orange)	Minior (Yellow)	Minior (Green)	Minior (Blue)	Minior (Indigo)	Minior (Violet),aerodactyl.png	aerodactyl-mega.png	archen.png	archeops.png	minior-red-meteor.png	minior-orange-meteor.png	minior-yellow-meteor.png	minior-green-meteor.png	minior-blue-meteor.png	minior-indigo-meteor.png	minior-violet-meteor.png	minior-red.png	minior-orange.png	minior-yellow.png	minior-green.png	minior-blue.png	minior-indigo.png	minior-violet.png
Bug,Flying,15,Ground								,Grass	Fighting							,Bug								,Normal	Water	Poison	Psychic	Ghost	Dragon	Dark	Steel	Fairy,Fire	Electric	Ice	Flying					,Rock								,Butterfree	Butterfree (Gmax)	Scyther	Pinsir (Mega)	Ledyba	Ledian	Yanma	Beautifly	Masquerain	Ninjask	Mothim	Combee	Vespiquen	Yanmega	Vivillon,butterfree.png	butterfree-gmax.png	scyther.png	pinsir-mega.png	ledyba.png	ledian.png	yanma.png	beautifly.png	masquerain.png	ninjask.png	mothim.png	combee.png	vespiquen.png	yanmega.png	vivillon.png
Psychic,Flying,8,Ground								,Fighting								,Grass	Psychic							,Normal	Fire	Water	Poison	Flying	Bug	Dragon	Steel	Fairy,Electric	Ice	Rock	Ghost	Dark				,								,Articuno (Galar)	Natu	Xatu	Lugia	Woobat	Swoobat	Sigilyph	Oricorio (Pau),articuno-galar.png	natu.png	xatu.png	lugia.png	woobat.png	swoobat.png	sigilyph.png	oricorio-pau.png
Fairy,Psychic,10,Dragon											,Fighting											,Psychic											,Normal	Fire	Water	Grass	Electric	Ice	Ground	Flying	Bug	Rock	Dark	Fairy,Poison	Ghost	Steel									,											,Rapidash (Galar)	Mr Mime	Ralts	Kirlia	Gardevoir	Gardevoir (Mega)	Mime Jr	Tapu Lele	Hatterene	Hatterene (Gmax),rapidash-galar.png	mr-mime.png	ralts.png	kirlia.png	gardevoir.png	gardevoir-mega.png	mime-jr.png	tapu-lele.png	hatterene.png	hatterene-gmax.png
Steel,Psychic,9,Poison							,Psychic							,Normal	Grass	Ice	Flying	Rock	Dragon	Steel	Fairy,Water	Electric	Fighting	Bug				,Fire	Ground	Ghost	Dark				,							,Beldum	Metang	Metagross	Metagross (Mega)	Jirachi	Bronzor	Bronzong	Solgaleo	Necrozma (Dusk),beldum.png	metang.png	metagross.png	metagross-mega.png	jirachi.png	bronzor.png	bronzong.png	solgaleo.png	necrozma-dusk.png
Dark,Psychic,3,Psychic														,														,														,Normal	Fire	Water	Grass	Electric	Ice	Fighting	Poison	Ground	Flying	Rock	Ghost	Dragon	Dark	Steel,Fairy														,Bug														,Inkay	Malamar	Hoopa (Unbound),inkay.png	malamar.png	hoopa-unbound.png
Dragon,Psychic,5,					,					,Fire	Water	Grass	Electric	Fighting	Psychic,Normal	Poison	Ground	Flying	Rock	Steel,Ice	Bug	Ghost	Dragon	Dark	Fairy,					,Latias	Latias (Mega)	Latios	Latios (Mega)	Necrozma (Ultra),latias.png	latias-mega.png	latios.png	latios-mega.png	necrozma-ultra.png
Ghost,Psychic,4,Normal	Fighting										,											,Poison	Psychic										,Fire	Water	Grass	Electric	Ice	Ground	Flying	Bug	Rock	Dragon	Steel	Fairy,											,Ghost	Dark										,Hoopa	Lunala	Necrozma (Dawn)	Calyrex (Shadow Rider),hoopa.png	lunala.png	necrozma-dawn.png	calyrex-shadow-rider.png
Rock,Psychic,2,						,						,Normal	Fire	Poison	Flying	Psychic		,Electric	Ice	Fighting	Rock	Dragon	Fairy	,Water	Grass	Ground	Bug	Ghost	Dark	Steel,						,Lunatone	Solrock,lunatone.png	solrock.png
Bug,Psychic,3,							,Fighting							,Grass	Ground	Psychic					,Normal	Water	Electric	Ice	Poison	Dragon	Steel	Fairy,Fire	Flying	Bug	Rock	Ghost	Dark		,							,Dottler	Orbeetle	Orbeetle (Gmax),dottler.png	orbeetle.png	orbeetle-gmax.png
Fairy,Bug,2,Dragon						,Fighting						,Grass	Ground	Bug	Dark			,Normal	Water	Electric	Ice	Psychic	Ghost	Fairy,Fire	Poison	Flying	Rock	Steel		,						,Cutiefly	Ribombee,cutiefly.png	ribombee.png
Steel,Bug,7,Poison							,Grass							,Normal	Ice	Psychic	Bug	Dragon	Steel	Fairy	,Water	Electric	Fighting	Ground	Flying	Rock	Ghost	Dark,							,Fire							,Forretress	Scizor	Scizor (Mega)	Wormadam (Trash)	Escavalier	Durant	Genesect,forretress.png	scizor.png	scizor-mega.png	wormadam-trash.png	escavalier.png	durant.png	genesect.png
Dark,Bug,0,Psychic							,							,Grass	Ground	Ghost	Dark				,Normal	Water	Electric	Ice	Fighting	Poison	Dragon	Steel,Fire	Flying	Bug	Rock	Fairy			,							,,
Dragon,Bug,0,							,Grass							,Water	Electric	Fighting	Ground				,Normal	Fire	Poison	Psychic	Bug	Ghost	Dark	Steel,Ice	Flying	Rock	Dragon	Fairy			,							,,
Ghost,Bug,1,Normal	Fighting					,						,Grass	Poison	Ground	Bug			,Water	Electric	Ice	Psychic	Dragon	Steel	Fairy,Fire	Flying	Rock	Ghost	Dark		,						,Shedinja,shedinja.png
Rock,Bug,5,												,												,Normal	Poison											,Fire	Grass	Electric	Ice	Fighting	Ground	Flying	Psychic	Bug	Ghost	Dragon	Dark	Fairy,Water	Rock	Steel										,												,Shuckle	Anorith	Armaldo	Dwebble	Crustle,shuckle.png	anorith.png	armaldo.png	dwebble.png	crustle.png
Fairy,Rock,3,Dragon							,							,Normal	Fire	Flying	Bug	Dark			,Electric	Ice	Fighting	Poison	Psychic	Rock	Ghost	Fairy,Water	Grass	Ground					,Steel							,Carbink	Diancie	Diancie (Mega),carbink.png	diancie.png	diancie-mega.png
Steel,Rock,7,Poison					,Normal	Flying				,Ice	Psychic	Bug	Rock	Dragon	Fairy,Fire	Grass	Electric	Ghost	Dark	Steel,Water					,Fighting	Ground				,Aron	Lairon	Aggron	Shieldon	Bastiodon	Probopass	Stakataka,aron.png	lairon.png	aggron.png	shieldon.png	bastiodon.png	probopass.png	stakataka.png
Dark,Rock,2,Psychic					,					,Normal	Fire	Poison	Flying	Ghost	Dark,Electric	Ice	Rock	Dragon		,Water	Grass	Ground	Bug	Steel	Fairy,Fighting					,Tyranitar	Tyranitar (Mega),tyranitar.png	tyranitar-mega.png
Dragon,Rock,2,						,Fire						,Normal	Electric	Poison	Flying			,Water	Grass	Psychic	Bug	Rock	Ghost	Dark,Ice	Fighting	Ground	Dragon	Steel	Fairy	,						,Tyrunt	Tyrantrum,tyrunt.png	tyrantrum.png
Ghost,Rock,0,Normal	Fighting				,Poison					,Fire	Flying	Bug			,Electric	Ice	Psychic	Rock	Dragon	Fairy,Water	Grass	Ground	Ghost	Dark	Steel,					,,
Fairy,Ghost,2,Normal	Fighting	Dragon									,Bug											,											,Fire	Water	Grass	Electric	Ice	Poison	Ground	Flying	Psychic	Rock	Dark	Fairy,Ghost	Steel										,											,Mimikyu (Disguised)	Mimikyu (Busted),mimikyu-disguised.png	mimikyu-busted.png
Steel,Ghost,4,Normal	Fighting	Poison					,Bug							,Grass	Ice	Flying	Psychic	Rock	Dragon	Steel	Fairy,Water	Electric						,Fire	Ground	Ghost	Dark				,							,Honedge	Doublade	Aegislash (Shield)	Aegislash (Blade),honedge.png	doublade.png	aegislash-shield.png	aegislash-blade.png
Dark,Ghost,3,Normal	Fighting	Psychic										,												,Poison												,Fire	Water	Grass	Electric	Ice	Ground	Flying	Bug	Rock	Ghost	Dragon	Dark	Steel,Fairy												,												,Sableye	Sableye (Mega)	Spiritomb,sableye.png	sableye-mega.png	spiritomb.png
Dragon,Ghost,5,Normal	Fighting				,					,Fire	Water	Grass	Electric	Poison	Bug,Ground	Flying	Psychic	Rock	Steel	,Ice	Ghost	Dragon	Dark	Fairy	,					,Giratina (Altered)	Giratina (Origin)	Dreepy	Drakloak	Dragapult,giratina-altered.png	giratina-origin.png	dreepy.png	drakloak.png	dragapult.png
Fairy,Dragon,1,Dragon						,						,Fire	Water	Grass	Electric	Fighting	Bug	Dark,Normal	Ground	Flying	Psychic	Rock	Ghost	,Ice	Poison	Steel	Fairy			,						,Altaria (Mega),altaria-mega.png
Steel,Dragon,3,Poison							,Grass							,Normal	Water	Electric	Flying	Psychic	Bug	Rock	Steel,Fire	Ice	Ghost	Dragon	Dark	Fairy		,Fighting	Ground						,							,Dialga	Duraludon	Duraludon (Gmax),dialga.png	duraludon.png	duraludon-gmax.png
Dark,Dragon,4,Psychic					,					,Fire	Water	Grass	Electric	Ghost	Dark,Normal	Poison	Ground	Flying	Rock	Steel,Ice	Fighting	Bug	Dragon		,Fairy					,Deino	Zweilous	Hydreigon	Guzzlord,deino.png	zweilous.png	hydreigon.png	guzzlord.png
Fairy,Dark,4,Psychic	Dragon									,Dark										,Ghost										,Normal	Fire	Water	Grass	Electric	Ice	Fighting	Ground	Flying	Bug	Rock,Poison	Steel	Fairy								,										,Impidimp	Morgrem	Grimmsnarl	Grimmsnarl (Gmax),impidimp.png	morgrem.png	grimmsnarl.png	grimmsnarl-gmax.png
Steel,Dark,2,Poison	Psychic							,								,Normal	Grass	Ice	Flying	Rock	Ghost	Dragon	Dark	Steel,Water	Electric	Bug	Fairy					,Fire	Ground							,Fighting								,Pawniard	Bisharp,pawniard.png	bisharp.png
Fairy,Steel,6,Poison	Dragon						,Bug							,Normal	Grass	Ice	Flying	Psychic	Rock	Dark	Fairy,Water	Electric	Fighting	Ghost	Steel			,Fire	Ground						,							,Mawile	Mawile (Mega)	Klefki	Magearna	Magearna (Original)	Zacian (Crowned),mawile.png	mawile-mega.png	klefki.png	magearna.png	magearna-original.png	zacian-crowned.png
